,RunId,iteration,Step,width,height,initial_population,initial_population2,SsAgent,SsAgentMass,SsAgentMassAvg
0,0,0,50,50,50,100,0,61,4262.0,69.8688524590164
1,1,0,50,50,50,100,50,76,4636.0,61.0
2,2,0,50,50,50,100,100,61,3369.0,55.22950819672131
3,3,0,50,50,50,100,150,70,4186.0,59.8
4,4,0,50,50,50,100,200,59,3242.0,54.94915254237288
5,5,1,50,50,50,100,0,62,4038.0,65.12903225806451
6,6,1,50,50,50,100,50,70,4429.0,63.27142857142857
7,7,1,50,50,50,100,100,70,4075.0,58.214285714285715
8,8,1,50,50,50,100,150,70,3265.0,46.642857142857146
9,9,1,50,50,50,100,200,69,3279.0,47.52173913043478
10,10,2,50,50,50,100,0,64,4384.0,68.5
11,11,2,50,50,50,100,50,64,4232.0,66.125
12,12,2,50,50,50,100,100,67,3962.0,59.134328358208954
13,13,2,50,50,50,100,150,61,4020.0,65.90163934426229
14,14,2,50,50,50,100,200,65,3789.0,58.292307692307695
15,15,3,50,50,50,100,0,61,3671.0,60.18032786885246
16,16,3,50,50,50,100,50,64,4235.0,66.171875
17,17,3,50,50,50,100,100,56,3264.0,58.285714285714285
18,18,3,50,50,50,100,150,61,3662.0,60.032786885245905
19,19,3,50,50,50,100,200,59,3514.0,59.559322033898304
20,20,4,50,50,50,100,0,65,4870.0,74.92307692307692
21,21,4,50,50,50,100,50,67,4496.0,67.1044776119403
22,22,4,50,50,50,100,100,59,3998.0,67.76271186440678
23,23,4,50,50,50,100,150,63,3334.0,52.92063492063492
24,24,4,50,50,50,100,200,64,3226.0,50.40625
25,25,5,50,50,50,100,0,64,4657.0,72.765625
26,26,5,50,50,50,100,50,65,4441.0,68.32307692307693
27,27,5,50,50,50,100,100,58,3723.0,64.1896551724138
28,28,5,50,50,50,100,150,64,3628.0,56.6875
29,29,5,50,50,50,100,200,67,3575.0,53.35820895522388
30,30,6,50,50,50,100,0,67,4866.0,72.6268656716418
31,31,6,50,50,50,100,50,65,4228.0,65.04615384615384
32,32,6,50,50,50,100,100,55,3638.0,66.14545454545454
33,33,6,50,50,50,100,150,75,4039.0,53.85333333333333
34,34,6,50,50,50,100,200,63,3499.0,55.53968253968254
35,35,7,50,50,50,100,0,69,4516.0,65.44927536231884
36,36,7,50,50,50,100,50,63,4278.0,67.9047619047619
37,37,7,50,50,50,100,100,67,3693.0,55.11940298507463
38,38,7,50,50,50,100,150,65,3585.0,55.15384615384615
39,39,7,50,50,50,100,200,70,3730.0,53.285714285714285
40,40,8,50,50,50,100,0,74,4911.0,66.36486486486487
41,41,8,50,50,50,100,50,64,3908.0,61.0625
42,42,8,50,50,50,100,100,64,4033.0,63.015625
43,43,8,50,50,50,100,150,61,3792.0,62.16393442622951
44,44,8,50,50,50,100,200,62,3369.0,54.33870967741935
45,45,9,50,50,50,100,0,67,4628.0,69.07462686567165
46,46,9,50,50,50,100,50,65,4633.0,71.27692307692308
47,47,9,50,50,50,100,100,68,3687.0,54.220588235294116
48,48,9,50,50,50,100,150,72,4066.0,56.47222222222222
49,49,9,50,50,50,100,200,61,3514.0,57.60655737704918
50,50,10,50,50,50,100,0,61,4222.0,69.21311475409836
51,51,10,50,50,50,100,50,68,3728.0,54.8235294117647
52,52,10,50,50,50,100,100,57,3445.0,60.43859649122807
53,53,10,50,50,50,100,150,65,3727.0,57.33846153846154
54,54,10,50,50,50,100,200,60,3267.0,54.45
55,55,11,50,50,50,100,0,63,4273.0,67.82539682539682
56,56,11,50,50,50,100,50,63,4122.0,65.42857142857143
57,57,11,50,50,50,100,100,63,4195.0,66.58730158730158
58,58,11,50,50,50,100,150,64,3540.0,55.3125
59,59,11,50,50,50,100,200,66,3643.0,55.196969696969695
60,60,12,50,50,50,100,0,67,4729.0,70.58208955223881
61,61,12,50,50,50,100,50,57,3706.0,65.01754385964912
62,62,12,50,50,50,100,100,64,4215.0,65.859375
63,63,12,50,50,50,100,150,63,3700.0,58.73015873015873
64,64,12,50,50,50,100,200,70,3643.0,52.042857142857144
65,65,13,50,50,50,100,0,71,4964.0,69.91549295774648
66,66,13,50,50,50,100,50,64,3905.0,61.015625
67,67,13,50,50,50,100,100,65,3690.0,56.76923076923077
68,68,13,50,50,50,100,150,64,3939.0,61.546875
69,69,13,50,50,50,100,200,64,3482.0,54.40625
70,70,14,50,50,50,100,0,75,4698.0,62.64
71,71,14,50,50,50,100,50,67,4703.0,70.19402985074628
72,72,14,50,50,50,100,100,66,4082.0,61.84848484848485
73,73,14,50,50,50,100,150,72,3616.0,50.22222222222222
74,74,14,50,50,50,100,200,64,3474.0,54.28125
75,75,15,50,50,50,100,0,64,4352.0,68.0
76,76,15,50,50,50,100,50,66,4864.0,73.6969696969697
77,77,15,50,50,50,100,100,63,3949.0,62.682539682539684
78,78,15,50,50,50,100,150,61,3223.0,52.83606557377049
79,79,15,50,50,50,100,200,67,3537.0,52.791044776119406
80,80,16,50,50,50,100,0,60,3997.0,66.61666666666666
81,81,16,50,50,50,100,50,67,4432.0,66.14925373134328
82,82,16,50,50,50,100,100,60,3887.0,64.78333333333333
83,83,16,50,50,50,100,150,69,3953.0,57.289855072463766
84,84,16,50,50,50,100,200,62,3087.0,49.79032258064516
85,85,17,50,50,50,100,0,70,4404.0,62.91428571428571
86,86,17,50,50,50,100,50,59,4031.0,68.32203389830508
87,87,17,50,50,50,100,100,60,3721.0,62.016666666666666
88,88,17,50,50,50,100,150,65,4027.0,61.95384615384615
89,89,17,50,50,50,100,200,59,3176.0,53.83050847457627
90,90,18,50,50,50,100,0,58,3828.0,66.0
91,91,18,50,50,50,100,50,64,3985.0,62.265625
92,92,18,50,50,50,100,100,52,3177.0,61.09615384615385
93,93,18,50,50,50,100,150,64,3770.0,58.90625
94,94,18,50,50,50,100,200,66,3957.0,59.95454545454545
95,95,19,50,50,50,100,0,68,4456.0,65.52941176470588
96,96,19,50,50,50,100,50,68,4554.0,66.97058823529412
97,97,19,50,50,50,100,100,72,4184.0,58.111111111111114
98,98,19,50,50,50,100,150,62,3622.0,58.41935483870968
99,99,19,50,50,50,100,200,64,3024.0,47.25
100,100,20,50,50,50,100,0,66,4472.0,67.75757575757575
101,101,20,50,50,50,100,50,62,3971.0,64.04838709677419
102,102,20,50,50,50,100,100,55,3643.0,66.23636363636363
103,103,20,50,50,50,100,150,67,4171.0,62.25373134328358
104,104,20,50,50,50,100,200,60,3563.0,59.38333333333333
105,105,21,50,50,50,100,0,53,3341.0,63.0377358490566
106,106,21,50,50,50,100,50,64,4055.0,63.359375
107,107,21,50,50,50,100,100,60,3853.0,64.21666666666667
108,108,21,50,50,50,100,150,55,3268.0,59.41818181818182
109,109,21,50,50,50,100,200,62,3598.0,58.03225806451613
110,110,22,50,50,50,100,0,64,4235.0,66.171875
111,111,22,50,50,50,100,50,61,4263.0,69.88524590163935
112,112,22,50,50,50,100,100,69,3491.0,50.594202898550726
113,113,22,50,50,50,100,150,63,3697.0,58.682539682539684
114,114,22,50,50,50,100,200,67,3585.0,53.507462686567166
115,115,23,50,50,50,100,0,69,4722.0,68.43478260869566
116,116,23,50,50,50,100,50,58,3968.0,68.41379310344827
117,117,23,50,50,50,100,100,67,3550.0,52.985074626865675
118,118,23,50,50,50,100,150,70,4297.0,61.385714285714286
119,119,23,50,50,50,100,200,65,4005.0,61.61538461538461
120,120,24,50,50,50,100,0,69,4786.0,69.3623188405797
121,121,24,50,50,50,100,50,70,4476.0,63.94285714285714
122,122,24,50,50,50,100,100,59,4000.0,67.79661016949153
123,123,24,50,50,50,100,150,65,4141.0,63.707692307692305
124,124,24,50,50,50,100,200,67,3756.0,56.059701492537314
125,125,25,50,50,50,100,0,64,4362.0,68.15625
126,126,25,50,50,50,100,50,66,4159.0,63.015151515151516
127,127,25,50,50,50,100,100,52,3490.0,67.11538461538461
128,128,25,50,50,50,100,150,59,3890.0,65.9322033898305
129,129,25,50,50,50,100,200,61,3141.0,51.49180327868852
130,130,26,50,50,50,100,0,73,4771.0,65.35616438356165
131,131,26,50,50,50,100,50,65,4231.0,65.0923076923077
132,132,26,50,50,50,100,100,64,3946.0,61.65625
133,133,26,50,50,50,100,150,59,3868.0,65.55932203389831
134,134,26,50,50,50,100,200,72,3517.0,48.84722222222222
135,135,27,50,50,50,100,0,65,4212.0,64.8
136,136,27,50,50,50,100,50,67,4190.0,62.53731343283582
137,137,27,50,50,50,100,100,64,3899.0,60.921875
138,138,27,50,50,50,100,150,71,3550.0,50.0
139,139,27,50,50,50,100,200,71,4133.0,58.2112676056338
140,140,28,50,50,50,100,0,65,3955.0,60.84615384615385
141,141,28,50,50,50,100,50,66,4498.0,68.15151515151516
142,142,28,50,50,50,100,100,67,3903.0,58.25373134328358
143,143,28,50,50,50,100,150,66,3974.0,60.21212121212121
144,144,28,50,50,50,100,200,65,3281.0,50.47692307692308
145,145,29,50,50,50,100,0,69,4461.0,64.65217391304348
146,146,29,50,50,50,100,50,65,4134.0,63.6
147,147,29,50,50,50,100,100,63,4195.0,66.58730158730158
148,148,29,50,50,50,100,150,67,3650.0,54.47761194029851
149,149,29,50,50,50,100,200,71,3777.0,53.19718309859155
150,150,30,50,50,50,100,0,65,4479.0,68.9076923076923
151,151,30,50,50,50,100,50,65,3897.0,59.95384615384615
152,152,30,50,50,50,100,100,68,4058.0,59.6764705882353
153,153,30,50,50,50,100,150,64,3505.0,54.765625
154,154,30,50,50,50,100,200,59,3246.0,55.016949152542374
155,155,31,50,50,50,100,0,68,4520.0,66.47058823529412
156,156,31,50,50,50,100,50,69,4443.0,64.3913043478261
157,157,31,50,50,50,100,100,62,3977.0,64.14516129032258
158,158,31,50,50,50,100,150,66,4188.0,63.45454545454545
159,159,31,50,50,50,100,200,62,3461.0,55.82258064516129
160,160,32,50,50,50,100,0,69,5230.0,75.79710144927536
161,161,32,50,50,50,100,50,68,4366.0,64.20588235294117
162,162,32,50,50,50,100,100,68,3935.0,57.86764705882353
163,163,32,50,50,50,100,150,65,3708.0,57.04615384615385
164,164,32,50,50,50,100,200,62,3424.0,55.225806451612904
165,165,33,50,50,50,100,0,67,4149.0,61.92537313432836
166,166,33,50,50,50,100,50,64,4384.0,68.5
167,167,33,50,50,50,100,100,65,3723.0,57.276923076923076
168,168,33,50,50,50,100,150,63,3903.0,61.95238095238095
169,169,33,50,50,50,100,200,68,3719.0,54.69117647058823
170,170,34,50,50,50,100,0,68,4665.0,68.6029411764706
171,171,34,50,50,50,100,50,71,4361.0,61.42253521126761
172,172,34,50,50,50,100,100,57,3361.0,58.96491228070175
173,173,34,50,50,50,100,150,67,3639.0,54.3134328358209
174,174,34,50,50,50,100,200,67,4153.0,61.985074626865675
175,175,35,50,50,50,100,0,67,4505.0,67.23880597014926
176,176,35,50,50,50,100,50,66,4441.0,67.28787878787878
177,177,35,50,50,50,100,100,64,3973.0,62.078125
178,178,35,50,50,50,100,150,62,3884.0,62.645161290322584
179,179,35,50,50,50,100,200,66,3872.0,58.666666666666664
180,180,36,50,50,50,100,0,68,4554.0,66.97058823529412
181,181,36,50,50,50,100,50,65,4098.0,63.04615384615385
182,182,36,50,50,50,100,100,67,4137.0,61.74626865671642
183,183,36,50,50,50,100,150,63,3652.0,57.96825396825397
184,184,36,50,50,50,100,200,73,3605.0,49.38356164383562
185,185,37,50,50,50,100,0,56,3868.0,69.07142857142857
186,186,37,50,50,50,100,50,57,3761.0,65.98245614035088
187,187,37,50,50,50,100,100,65,3858.0,59.353846153846156
188,188,37,50,50,50,100,150,66,3614.0,54.75757575757576
189,189,37,50,50,50,100,200,64,3649.0,57.015625
190,190,38,50,50,50,100,0,63,4366.0,69.3015873015873
191,191,38,50,50,50,100,50,71,4531.0,63.816901408450704
192,192,38,50,50,50,100,100,63,4140.0,65.71428571428571
193,193,38,50,50,50,100,150,63,3764.0,59.74603174603175
194,194,38,50,50,50,100,200,64,3035.0,47.421875
195,195,39,50,50,50,100,0,63,4716.0,74.85714285714286
196,196,39,50,50,50,100,50,71,4336.0,61.070422535211264
197,197,39,50,50,50,100,100,60,3813.0,63.55
198,198,39,50,50,50,100,150,67,3652.0,54.507462686567166
199,199,39,50,50,50,100,200,69,3800.0,55.072463768115945
200,200,40,50,50,50,100,0,69,4682.0,67.85507246376811
201,201,40,50,50,50,100,50,63,3860.0,61.26984126984127
202,202,40,50,50,50,100,100,60,3781.0,63.016666666666666
203,203,40,50,50,50,100,150,59,3487.0,59.101694915254235
204,204,40,50,50,50,100,200,66,3032.0,45.93939393939394
205,205,41,50,50,50,100,0,62,4228.0,68.19354838709677
206,206,41,50,50,50,100,50,68,4030.0,59.26470588235294
207,207,41,50,50,50,100,100,61,3600.0,59.01639344262295
208,208,41,50,50,50,100,150,59,3459.0,58.6271186440678
209,209,41,50,50,50,100,200,68,3753.0,55.19117647058823
210,210,42,50,50,50,100,0,75,5108.0,68.10666666666667
211,211,42,50,50,50,100,50,67,4510.0,67.31343283582089
212,212,42,50,50,50,100,100,64,4467.0,69.796875
213,213,42,50,50,50,100,150,58,4070.0,70.17241379310344
214,214,42,50,50,50,100,200,66,3488.0,52.84848484848485
215,215,43,50,50,50,100,0,68,4091.0,60.161764705882355
216,216,43,50,50,50,100,50,62,3808.0,61.41935483870968
217,217,43,50,50,50,100,100,71,3743.0,52.71830985915493
218,218,43,50,50,50,100,150,67,3673.0,54.82089552238806
219,219,43,50,50,50,100,200,65,3113.0,47.89230769230769
220,220,44,50,50,50,100,0,58,4180.0,72.06896551724138
221,221,44,50,50,50,100,50,63,4303.0,68.3015873015873
222,222,44,50,50,50,100,100,60,3855.0,64.25
223,223,44,50,50,50,100,150,64,3756.0,58.6875
224,224,44,50,50,50,100,200,61,3414.0,55.967213114754095
225,225,45,50,50,50,100,0,71,4271.0,60.15492957746479
226,226,45,50,50,50,100,50,66,4498.0,68.15151515151516
227,227,45,50,50,50,100,100,61,4002.0,65.60655737704919
228,228,45,50,50,50,100,150,59,3725.0,63.13559322033898
229,229,45,50,50,50,100,200,68,3380.0,49.705882352941174
230,230,46,50,50,50,100,0,72,4660.0,64.72222222222223
231,231,46,50,50,50,100,50,57,3803.0,66.71929824561404
232,232,46,50,50,50,100,100,69,4283.0,62.072463768115945
233,233,46,50,50,50,100,150,69,3778.0,54.7536231884058
234,234,46,50,50,50,100,200,69,3611.0,52.333333333333336
235,235,47,50,50,50,100,0,60,3957.0,65.95
236,236,47,50,50,50,100,50,66,4533.0,68.68181818181819
237,237,47,50,50,50,100,100,66,4347.0,65.86363636363636
238,238,47,50,50,50,100,150,68,3571.0,52.51470588235294
239,239,47,50,50,50,100,200,69,3955.0,57.31884057971015
240,240,48,50,50,50,100,0,69,4689.0,67.95652173913044
241,241,48,50,50,50,100,50,70,4646.0,66.37142857142857
242,242,48,50,50,50,100,100,64,4412.0,68.9375
243,243,48,50,50,50,100,150,62,3735.0,60.24193548387097
244,244,48,50,50,50,100,200,67,3793.0,56.61194029850746
245,245,49,50,50,50,100,0,62,4303.0,69.40322580645162
246,246,49,50,50,50,100,50,62,4015.0,64.75806451612904
247,247,49,50,50,50,100,100,70,4295.0,61.357142857142854
248,248,49,50,50,50,100,150,63,3803.0,60.36507936507937
249,249,49,50,50,50,100,200,63,3337.0,52.96825396825397
250,250,50,50,50,50,100,0,72,4498.0,62.47222222222222
251,251,50,50,50,50,100,50,63,3986.0,63.26984126984127
252,252,50,50,50,50,100,100,75,4576.0,61.013333333333335
253,253,50,50,50,50,100,150,65,3496.0,53.784615384615385
254,254,50,50,50,50,100,200,67,4094.0,61.1044776119403
255,255,51,50,50,50,100,0,65,4208.0,64.73846153846154
256,256,51,50,50,50,100,50,59,4088.0,69.28813559322033
257,257,51,50,50,50,100,100,62,3764.0,60.70967741935484
258,258,51,50,50,50,100,150,61,4046.0,66.32786885245902
259,259,51,50,50,50,100,200,66,3482.0,52.75757575757576
260,260,52,50,50,50,100,0,60,3958.0,65.96666666666667
261,261,52,50,50,50,100,50,58,3922.0,67.62068965517241
262,262,52,50,50,50,100,100,62,3549.0,57.24193548387097
263,263,52,50,50,50,100,150,66,4026.0,61.0
264,264,52,50,50,50,100,200,59,3137.0,53.16949152542373
265,265,53,50,50,50,100,0,67,4269.0,63.71641791044776
266,266,53,50,50,50,100,50,65,4106.0,63.16923076923077
267,267,53,50,50,50,100,100,69,3976.0,57.6231884057971
268,268,53,50,50,50,100,150,62,3143.0,50.693548387096776
269,269,53,50,50,50,100,200,61,3401.0,55.75409836065574
270,270,54,50,50,50,100,0,76,4774.0,62.81578947368421
271,271,54,50,50,50,100,50,64,4209.0,65.765625
272,272,54,50,50,50,100,100,61,3964.0,64.98360655737704
273,273,54,50,50,50,100,150,71,3840.0,54.08450704225352
274,274,54,50,50,50,100,200,57,3044.0,53.40350877192982
275,275,55,50,50,50,100,0,64,4097.0,64.015625
276,276,55,50,50,50,100,50,72,4445.0,61.736111111111114
277,277,55,50,50,50,100,100,68,4353.0,64.01470588235294
278,278,55,50,50,50,100,150,59,3574.0,60.57627118644068
279,279,55,50,50,50,100,200,60,3121.0,52.016666666666666
280,280,56,50,50,50,100,0,55,3997.0,72.67272727272727
281,281,56,50,50,50,100,50,66,3960.0,60.0
282,282,56,50,50,50,100,100,71,3992.0,56.225352112676056
283,283,56,50,50,50,100,150,69,3840.0,55.65217391304348
284,284,56,50,50,50,100,200,71,3854.0,54.28169014084507
285,285,57,50,50,50,100,0,55,3170.0,57.63636363636363
286,286,57,50,50,50,100,50,69,4419.0,64.04347826086956
287,287,57,50,50,50,100,100,65,3812.0,58.646153846153844
288,288,57,50,50,50,100,150,60,3031.0,50.516666666666666
289,289,57,50,50,50,100,200,66,3184.0,48.24242424242424
290,290,58,50,50,50,100,0,63,4436.0,70.41269841269842
291,291,58,50,50,50,100,50,61,4187.0,68.63934426229508
292,292,58,50,50,50,100,100,64,3866.0,60.40625
293,293,58,50,50,50,100,150,74,4028.0,54.432432432432435
294,294,58,50,50,50,100,200,55,2824.0,51.345454545454544
295,295,59,50,50,50,100,0,63,4463.0,70.84126984126983
296,296,59,50,50,50,100,50,73,4383.0,60.04109589041096
297,297,59,50,50,50,100,100,65,4130.0,63.53846153846154
298,298,59,50,50,50,100,150,63,3239.0,51.41269841269841
299,299,59,50,50,50,100,200,56,3331.0,59.482142857142854
300,300,60,50,50,50,100,0,64,4675.0,73.046875
301,301,60,50,50,50,100,50,64,4011.0,62.671875
302,302,60,50,50,50,100,100,72,4545.0,63.125
303,303,60,50,50,50,100,150,70,3896.0,55.65714285714286
304,304,60,50,50,50,100,200,69,3568.0,51.710144927536234
305,305,61,50,50,50,100,0,56,4018.0,71.75
306,306,61,50,50,50,100,50,66,4321.0,65.46969696969697
307,307,61,50,50,50,100,100,65,4055.0,62.38461538461539
308,308,61,50,50,50,100,150,68,3645.0,53.60294117647059
309,309,61,50,50,50,100,200,66,3645.0,55.22727272727273
310,310,62,50,50,50,100,0,69,4503.0,65.26086956521739
311,311,62,50,50,50,100,50,66,4353.0,65.95454545454545
312,312,62,50,50,50,100,100,65,3671.0,56.47692307692308
313,313,62,50,50,50,100,150,74,3999.0,54.04054054054054
314,314,62,50,50,50,100,200,62,3501.0,56.46774193548387
315,315,63,50,50,50,100,0,63,4562.0,72.41269841269842
316,316,63,50,50,50,100,50,57,3810.0,66.84210526315789
317,317,63,50,50,50,100,100,62,3661.0,59.04838709677419
318,318,63,50,50,50,100,150,60,3679.0,61.31666666666667
319,319,63,50,50,50,100,200,73,4143.0,56.75342465753425
320,320,64,50,50,50,100,0,58,3851.0,66.39655172413794
321,321,64,50,50,50,100,50,65,4468.0,68.73846153846154
322,322,64,50,50,50,100,100,65,4145.0,63.76923076923077
323,323,64,50,50,50,100,150,67,4009.0,59.83582089552239
324,324,64,50,50,50,100,200,59,2962.0,50.20338983050848
325,325,65,50,50,50,100,0,66,4222.0,63.96969696969697
326,326,65,50,50,50,100,50,62,3979.0,64.1774193548387
327,327,65,50,50,50,100,100,64,3325.0,51.953125
328,328,65,50,50,50,100,150,65,4003.0,61.58461538461538
329,329,65,50,50,50,100,200,81,4107.0,50.7037037037037
330,330,66,50,50,50,100,0,67,4683.0,69.8955223880597
331,331,66,50,50,50,100,50,58,4082.0,70.37931034482759
332,332,66,50,50,50,100,100,63,3834.0,60.857142857142854
333,333,66,50,50,50,100,150,64,3673.0,57.390625
334,334,66,50,50,50,100,200,60,2837.0,47.28333333333333
335,335,67,50,50,50,100,0,60,4566.0,76.1
336,336,67,50,50,50,100,50,67,4167.0,62.19402985074627
337,337,67,50,50,50,100,100,66,3544.0,53.696969696969695
338,338,67,50,50,50,100,150,67,3684.0,54.985074626865675
339,339,67,50,50,50,100,200,67,3927.0,58.61194029850746
340,340,68,50,50,50,100,0,70,4635.0,66.21428571428571
341,341,68,50,50,50,100,50,57,3737.0,65.56140350877193
342,342,68,50,50,50,100,100,61,3841.0,62.967213114754095
343,343,68,50,50,50,100,150,58,3676.0,63.37931034482759
344,344,68,50,50,50,100,200,66,4056.0,61.45454545454545
345,345,69,50,50,50,100,0,58,4048.0,69.79310344827586
346,346,69,50,50,50,100,50,60,3825.0,63.75
347,347,69,50,50,50,100,100,77,4136.0,53.714285714285715
348,348,69,50,50,50,100,150,65,3662.0,56.33846153846154
349,349,69,50,50,50,100,200,62,3436.0,55.41935483870968
350,350,70,50,50,50,100,0,64,4257.0,66.515625
351,351,70,50,50,50,100,50,51,3398.0,66.62745098039215
352,352,70,50,50,50,100,100,67,3993.0,59.59701492537314
353,353,70,50,50,50,100,150,72,4360.0,60.55555555555556
354,354,70,50,50,50,100,200,65,3481.0,53.55384615384615
355,355,71,50,50,50,100,0,67,3835.0,57.23880597014925
356,356,71,50,50,50,100,50,61,4051.0,66.40983606557377
357,357,71,50,50,50,100,100,67,4369.0,65.2089552238806
358,358,71,50,50,50,100,150,64,3762.0,58.78125
359,359,71,50,50,50,100,200,67,3746.0,55.91044776119403
360,360,72,50,50,50,100,0,63,4732.0,75.11111111111111
361,361,72,50,50,50,100,50,66,4257.0,64.5
362,362,72,50,50,50,100,100,63,3974.0,63.07936507936508
363,363,72,50,50,50,100,150,66,3497.0,52.984848484848484
364,364,72,50,50,50,100,200,70,3453.0,49.32857142857143
365,365,73,50,50,50,100,0,74,4793.0,64.77027027027027
366,366,73,50,50,50,100,50,60,4242.0,70.7
367,367,73,50,50,50,100,100,69,3814.0,55.27536231884058
368,368,73,50,50,50,100,150,67,4050.0,60.44776119402985
369,369,73,50,50,50,100,200,66,3753.0,56.86363636363637
370,370,74,50,50,50,100,0,67,4285.0,63.95522388059702
371,371,74,50,50,50,100,50,67,4015.0,59.92537313432836
372,372,74,50,50,50,100,100,66,4006.0,60.696969696969695
373,373,74,50,50,50,100,150,58,3637.0,62.706896551724135
374,374,74,50,50,50,100,200,73,3731.0,51.10958904109589
375,375,75,50,50,50,100,0,66,4518.0,68.45454545454545
376,376,75,50,50,50,100,50,54,4146.0,76.77777777777777
377,377,75,50,50,50,100,100,55,3812.0,69.30909090909091
378,378,75,50,50,50,100,150,56,3116.0,55.642857142857146
379,379,75,50,50,50,100,200,70,3645.0,52.07142857142857
380,380,76,50,50,50,100,0,63,4695.0,74.52380952380952
381,381,76,50,50,50,100,50,65,3874.0,59.6
382,382,76,50,50,50,100,100,66,3648.0,55.27272727272727
383,383,76,50,50,50,100,150,63,3799.0,60.301587301587304
384,384,76,50,50,50,100,200,68,3700.0,54.411764705882355
385,385,77,50,50,50,100,0,72,4734.0,65.75
386,386,77,50,50,50,100,50,69,4526.0,65.59420289855072
387,387,77,50,50,50,100,100,63,3740.0,59.36507936507937
388,388,77,50,50,50,100,150,63,3430.0,54.44444444444444
389,389,77,50,50,50,100,200,76,4278.0,56.28947368421053
390,390,78,50,50,50,100,0,66,4379.0,66.34848484848484
391,391,78,50,50,50,100,50,68,4493.0,66.07352941176471
392,392,78,50,50,50,100,100,64,4040.0,63.125
393,393,78,50,50,50,100,150,62,3930.0,63.38709677419355
394,394,78,50,50,50,100,200,68,3037.0,44.661764705882355
395,395,79,50,50,50,100,0,62,4413.0,71.1774193548387
396,396,79,50,50,50,100,50,58,3722.0,64.17241379310344
397,397,79,50,50,50,100,100,64,3517.0,54.953125
398,398,79,50,50,50,100,150,65,3724.0,57.292307692307695
399,399,79,50,50,50,100,200,63,3424.0,54.34920634920635
400,400,80,50,50,50,100,0,70,4567.0,65.24285714285715
401,401,80,50,50,50,100,50,69,4310.0,62.46376811594203
402,402,80,50,50,50,100,100,57,3320.0,58.24561403508772
403,403,80,50,50,50,100,150,60,3328.0,55.46666666666667
404,404,80,50,50,50,100,200,69,3580.0,51.88405797101449
405,405,81,50,50,50,100,0,63,4118.0,65.36507936507937
406,406,81,50,50,50,100,50,67,4020.0,60.0
407,407,81,50,50,50,100,100,62,3435.0,55.403225806451616
408,408,81,50,50,50,100,150,68,3748.0,55.11764705882353
409,409,81,50,50,50,100,200,63,3748.0,59.492063492063494
410,410,82,50,50,50,100,0,61,4039.0,66.21311475409836
411,411,82,50,50,50,100,50,62,4341.0,70.01612903225806
412,412,82,50,50,50,100,100,64,3956.0,61.8125
413,413,82,50,50,50,100,150,64,3318.0,51.84375
414,414,82,50,50,50,100,200,65,3164.0,48.676923076923075
415,415,83,50,50,50,100,0,58,3837.0,66.15517241379311
416,416,83,50,50,50,100,50,69,4115.0,59.63768115942029
417,417,83,50,50,50,100,100,64,3699.0,57.796875
418,418,83,50,50,50,100,150,64,3478.0,54.34375
419,419,83,50,50,50,100,200,53,2814.0,53.094339622641506
420,420,84,50,50,50,100,0,59,4432.0,75.11864406779661
421,421,84,50,50,50,100,50,64,3778.0,59.03125
422,422,84,50,50,50,100,100,70,4239.0,60.55714285714286
423,423,84,50,50,50,100,150,60,3385.0,56.416666666666664
424,424,84,50,50,50,100,200,65,3750.0,57.69230769230769
425,425,85,50,50,50,100,0,60,3869.0,64.48333333333333
426,426,85,50,50,50,100,50,66,4053.0,61.40909090909091
427,427,85,50,50,50,100,100,66,3640.0,55.15151515151515
428,428,85,50,50,50,100,150,68,4207.0,61.86764705882353
429,429,85,50,50,50,100,200,61,3160.0,51.80327868852459
430,430,86,50,50,50,100,0,62,3978.0,64.16129032258064
431,431,86,50,50,50,100,50,65,4114.0,63.292307692307695
432,432,86,50,50,50,100,100,64,4225.0,66.015625
433,433,86,50,50,50,100,150,67,3983.0,59.44776119402985
434,434,86,50,50,50,100,200,61,3507.0,57.49180327868852
435,435,87,50,50,50,100,0,62,3981.0,64.20967741935483
436,436,87,50,50,50,100,50,61,3501.0,57.39344262295082
437,437,87,50,50,50,100,100,60,3701.0,61.68333333333333
438,438,87,50,50,50,100,150,68,3495.0,51.39705882352941
439,439,87,50,50,50,100,200,63,3152.0,50.03174603174603
440,440,88,50,50,50,100,0,62,4017.0,64.79032258064517
441,441,88,50,50,50,100,50,66,4405.0,66.74242424242425
442,442,88,50,50,50,100,100,63,3247.0,51.53968253968254
443,443,88,50,50,50,100,150,73,4579.0,62.726027397260275
444,444,88,50,50,50,100,200,64,2879.0,44.984375
445,445,89,50,50,50,100,0,68,4598.0,67.61764705882354
446,446,89,50,50,50,100,50,73,4604.0,63.06849315068493
447,447,89,50,50,50,100,100,64,3863.0,60.359375
448,448,89,50,50,50,100,150,65,4048.0,62.276923076923076
449,449,89,50,50,50,100,200,62,3311.0,53.403225806451616
450,450,90,50,50,50,100,0,67,4378.0,65.34328358208955
451,451,90,50,50,50,100,50,63,4033.0,64.01587301587301
452,452,90,50,50,50,100,100,60,3348.0,55.8
453,453,90,50,50,50,100,150,65,3378.0,51.96923076923077
454,454,90,50,50,50,100,200,63,3324.0,52.76190476190476
455,455,91,50,50,50,100,0,65,4669.0,71.83076923076923
456,456,91,50,50,50,100,50,66,4469.0,67.71212121212122
457,457,91,50,50,50,100,100,68,3945.0,58.01470588235294
458,458,91,50,50,50,100,150,62,3669.0,59.17741935483871
459,459,91,50,50,50,100,200,73,3687.0,50.50684931506849
460,460,92,50,50,50,100,0,58,4079.0,70.32758620689656
461,461,92,50,50,50,100,50,72,4061.0,56.40277777777778
462,462,92,50,50,50,100,100,62,4066.0,65.58064516129032
463,463,92,50,50,50,100,150,63,3749.0,59.507936507936506
464,464,92,50,50,50,100,200,60,3645.0,60.75
465,465,93,50,50,50,100,0,67,4614.0,68.86567164179104
466,466,93,50,50,50,100,50,74,4847.0,65.5
467,467,93,50,50,50,100,100,58,3656.0,63.03448275862069
468,468,93,50,50,50,100,150,62,3791.0,61.145161290322584
469,469,93,50,50,50,100,200,68,3783.0,55.63235294117647
470,470,94,50,50,50,100,0,59,3897.0,66.05084745762711
471,471,94,50,50,50,100,50,64,4194.0,65.53125
472,472,94,50,50,50,100,100,62,4012.0,64.70967741935483
473,473,94,50,50,50,100,150,68,3859.0,56.75
474,474,94,50,50,50,100,200,62,3026.0,48.806451612903224
475,475,95,50,50,50,100,0,69,4279.0,62.01449275362319
476,476,95,50,50,50,100,50,65,4395.0,67.61538461538461
477,477,95,50,50,50,100,100,68,3616.0,53.1764705882353
478,478,95,50,50,50,100,150,70,3870.0,55.285714285714285
479,479,95,50,50,50,100,200,67,3345.0,49.92537313432836
480,480,96,50,50,50,100,0,60,4267.0,71.11666666666666
481,481,96,50,50,50,100,50,62,4208.0,67.87096774193549
482,482,96,50,50,50,100,100,65,4042.0,62.184615384615384
483,483,96,50,50,50,100,150,59,3417.0,57.91525423728814
484,484,96,50,50,50,100,200,64,3363.0,52.546875
485,485,97,50,50,50,100,0,69,4200.0,60.869565217391305
486,486,97,50,50,50,100,50,64,4110.0,64.21875
487,487,97,50,50,50,100,100,67,3926.0,58.59701492537314
488,488,97,50,50,50,100,150,68,3855.0,56.69117647058823
489,489,97,50,50,50,100,200,68,3386.0,49.794117647058826
490,490,98,50,50,50,100,0,62,4287.0,69.14516129032258
491,491,98,50,50,50,100,50,74,4935.0,66.6891891891892
492,492,98,50,50,50,100,100,74,4324.0,58.432432432432435
493,493,98,50,50,50,100,150,62,3408.0,54.96774193548387
494,494,98,50,50,50,100,200,67,3707.0,55.32835820895522
495,495,99,50,50,50,100,0,65,4692.0,72.18461538461538
496,496,99,50,50,50,100,50,59,4068.0,68.94915254237289
497,497,99,50,50,50,100,100,67,3775.0,56.343283582089555
498,498,99,50,50,50,100,150,70,4182.0,59.74285714285714
499,499,99,50,50,50,100,200,59,3450.0,58.47457627118644
500,500,100,50,50,50,100,0,68,4672.0,68.70588235294117
501,501,100,50,50,50,100,50,66,4089.0,61.95454545454545
502,502,100,50,50,50,100,100,64,3691.0,57.671875
503,503,100,50,50,50,100,150,62,3587.0,57.854838709677416
504,504,100,50,50,50,100,200,66,3358.0,50.878787878787875
505,505,101,50,50,50,100,0,67,4314.0,64.38805970149254
506,506,101,50,50,50,100,50,72,4338.0,60.25
507,507,101,50,50,50,100,100,67,4127.0,61.59701492537314
508,508,101,50,50,50,100,150,68,3687.0,54.220588235294116
509,509,101,50,50,50,100,200,67,3177.0,47.417910447761194
510,510,102,50,50,50,100,0,67,4283.0,63.92537313432836
511,511,102,50,50,50,100,50,81,4446.0,54.888888888888886
512,512,102,50,50,50,100,100,57,3458.0,60.666666666666664
513,513,102,50,50,50,100,150,66,4010.0,60.75757575757576
514,514,102,50,50,50,100,200,57,3076.0,53.96491228070175
515,515,103,50,50,50,100,0,69,4447.0,64.44927536231884
516,516,103,50,50,50,100,50,76,4691.0,61.723684210526315
517,517,103,50,50,50,100,100,74,4795.0,64.79729729729729
518,518,103,50,50,50,100,150,66,4214.0,63.84848484848485
519,519,103,50,50,50,100,200,62,2915.0,47.016129032258064
520,520,104,50,50,50,100,0,63,4417.0,70.11111111111111
521,521,104,50,50,50,100,50,61,3828.0,62.75409836065574
522,522,104,50,50,50,100,100,73,4201.0,57.54794520547945
523,523,104,50,50,50,100,150,70,4036.0,57.65714285714286
524,524,104,50,50,50,100,200,67,3518.0,52.507462686567166
525,525,105,50,50,50,100,0,66,4253.0,64.43939393939394
526,526,105,50,50,50,100,50,68,4322.0,63.55882352941177
527,527,105,50,50,50,100,100,59,3086.0,52.30508474576271
528,528,105,50,50,50,100,150,67,3510.0,52.38805970149254
529,529,105,50,50,50,100,200,65,3640.0,56.0
530,530,106,50,50,50,100,0,61,4205.0,68.93442622950819
531,531,106,50,50,50,100,50,70,4417.0,63.1
532,532,106,50,50,50,100,100,67,3815.0,56.940298507462686
533,533,106,50,50,50,100,150,68,3813.0,56.0735294117647
534,534,106,50,50,50,100,200,60,3634.0,60.56666666666667
535,535,107,50,50,50,100,0,66,4190.0,63.484848484848484
536,536,107,50,50,50,100,50,64,4249.0,66.390625
537,537,107,50,50,50,100,100,75,3983.0,53.10666666666667
538,538,107,50,50,50,100,150,69,3511.0,50.88405797101449
539,539,107,50,50,50,100,200,60,3230.0,53.833333333333336
540,540,108,50,50,50,100,0,62,4138.0,66.74193548387096
541,541,108,50,50,50,100,50,59,3580.0,60.67796610169491
542,542,108,50,50,50,100,100,71,3916.0,55.15492957746479
543,543,108,50,50,50,100,150,65,3420.0,52.61538461538461
544,544,108,50,50,50,100,200,69,3034.0,43.971014492753625
545,545,109,50,50,50,100,0,63,4433.0,70.36507936507937
546,546,109,50,50,50,100,50,59,3657.0,61.983050847457626
547,547,109,50,50,50,100,100,64,4012.0,62.6875
548,548,109,50,50,50,100,150,64,3972.0,62.0625
549,549,109,50,50,50,100,200,65,3450.0,53.07692307692308
550,550,110,50,50,50,100,0,63,4295.0,68.17460317460318
551,551,110,50,50,50,100,50,68,3973.0,58.4264705882353
552,552,110,50,50,50,100,100,60,3652.0,60.86666666666667
553,553,110,50,50,50,100,150,59,3660.0,62.03389830508475
554,554,110,50,50,50,100,200,67,3837.0,57.26865671641791
555,555,111,50,50,50,100,0,72,4695.0,65.20833333333333
556,556,111,50,50,50,100,50,61,3715.0,60.90163934426229
557,557,111,50,50,50,100,100,70,4339.0,61.98571428571429
558,558,111,50,50,50,100,150,63,3620.0,57.46031746031746
559,559,111,50,50,50,100,200,64,3644.0,56.9375
560,560,112,50,50,50,100,0,71,4435.0,62.46478873239437
561,561,112,50,50,50,100,50,60,3656.0,60.93333333333333
562,562,112,50,50,50,100,100,70,4179.0,59.7
563,563,112,50,50,50,100,150,55,3491.0,63.472727272727276
564,564,112,50,50,50,100,200,66,3962.0,60.03030303030303
565,565,113,50,50,50,100,0,62,4157.0,67.04838709677419
566,566,113,50,50,50,100,50,62,3964.0,63.935483870967744
567,567,113,50,50,50,100,100,63,3635.0,57.698412698412696
568,568,113,50,50,50,100,150,69,3860.0,55.94202898550725
569,569,113,50,50,50,100,200,71,3724.0,52.45070422535211
570,570,114,50,50,50,100,0,64,4271.0,66.734375
571,571,114,50,50,50,100,50,59,3803.0,64.45762711864407
572,572,114,50,50,50,100,100,66,4470.0,67.72727272727273
573,573,114,50,50,50,100,150,59,3533.0,59.88135593220339
574,574,114,50,50,50,100,200,75,3939.0,52.52
575,575,115,50,50,50,100,0,63,4434.0,70.38095238095238
576,576,115,50,50,50,100,50,72,4514.0,62.69444444444444
577,577,115,50,50,50,100,100,53,3580.0,67.54716981132076
578,578,115,50,50,50,100,150,59,3421.0,57.983050847457626
579,579,115,50,50,50,100,200,66,3458.0,52.39393939393939
580,580,116,50,50,50,100,0,74,4823.0,65.17567567567568
581,581,116,50,50,50,100,50,67,3949.0,58.940298507462686
582,582,116,50,50,50,100,100,70,4123.0,58.9
583,583,116,50,50,50,100,150,64,3826.0,59.78125
584,584,116,50,50,50,100,200,71,3678.0,51.80281690140845
585,585,117,50,50,50,100,0,72,4761.0,66.125
586,586,117,50,50,50,100,50,59,3645.0,61.779661016949156
587,587,117,50,50,50,100,100,64,3950.0,61.71875
588,588,117,50,50,50,100,150,59,3374.0,57.186440677966104
589,589,117,50,50,50,100,200,67,3311.0,49.417910447761194
590,590,118,50,50,50,100,0,63,4122.0,65.42857142857143
591,591,118,50,50,50,100,50,60,3540.0,59.0
592,592,118,50,50,50,100,100,73,4398.0,60.24657534246575
593,593,118,50,50,50,100,150,64,3572.0,55.8125
594,594,118,50,50,50,100,200,57,3244.0,56.91228070175438
595,595,119,50,50,50,100,0,65,4381.0,67.4
596,596,119,50,50,50,100,50,64,3983.0,62.234375
597,597,119,50,50,50,100,100,69,3735.0,54.130434782608695
598,598,119,50,50,50,100,150,71,4036.0,56.84507042253521
599,599,119,50,50,50,100,200,63,3450.0,54.76190476190476
600,600,120,50,50,50,100,0,72,4886.0,67.86111111111111
601,601,120,50,50,50,100,50,71,4099.0,57.732394366197184
602,602,120,50,50,50,100,100,63,4220.0,66.98412698412699
603,603,120,50,50,50,100,150,63,3517.0,55.82539682539682
604,604,120,50,50,50,100,200,70,3761.0,53.72857142857143
605,605,121,50,50,50,100,0,61,4153.0,68.08196721311475
606,606,121,50,50,50,100,50,69,4538.0,65.76811594202898
607,607,121,50,50,50,100,100,63,3550.0,56.34920634920635
608,608,121,50,50,50,100,150,61,3499.0,57.36065573770492
609,609,121,50,50,50,100,200,66,3366.0,51.0
610,610,122,50,50,50,100,0,67,4349.0,64.91044776119404
611,611,122,50,50,50,100,50,65,4218.0,64.8923076923077
612,612,122,50,50,50,100,100,66,4358.0,66.03030303030303
613,613,122,50,50,50,100,150,69,4044.0,58.608695652173914
614,614,122,50,50,50,100,200,69,3681.0,53.34782608695652
615,615,123,50,50,50,100,0,61,3822.0,62.65573770491803
616,616,123,50,50,50,100,50,72,4441.0,61.68055555555556
617,617,123,50,50,50,100,100,64,3851.0,60.171875
618,618,123,50,50,50,100,150,65,3568.0,54.89230769230769
619,619,123,50,50,50,100,200,57,3089.0,54.19298245614035
620,620,124,50,50,50,100,0,62,3862.0,62.29032258064516
621,621,124,50,50,50,100,50,53,3560.0,67.16981132075472
622,622,124,50,50,50,100,100,63,3758.0,59.65079365079365
623,623,124,50,50,50,100,150,67,3460.0,51.64179104477612
624,624,124,50,50,50,100,200,70,3819.0,54.55714285714286
625,625,125,50,50,50,100,0,64,4430.0,69.21875
626,626,125,50,50,50,100,50,55,3395.0,61.72727272727273
627,627,125,50,50,50,100,100,62,3614.0,58.29032258064516
628,628,125,50,50,50,100,150,65,3714.0,57.13846153846154
629,629,125,50,50,50,100,200,63,3314.0,52.6031746031746
630,630,126,50,50,50,100,0,64,4402.0,68.78125
631,631,126,50,50,50,100,50,68,4298.0,63.205882352941174
632,632,126,50,50,50,100,100,62,3795.0,61.20967741935484
633,633,126,50,50,50,100,150,59,3217.0,54.52542372881356
634,634,126,50,50,50,100,200,62,3436.0,55.41935483870968
635,635,127,50,50,50,100,0,70,4982.0,71.17142857142858
636,636,127,50,50,50,100,50,68,4180.0,61.470588235294116
637,637,127,50,50,50,100,100,68,3882.0,57.088235294117645
638,638,127,50,50,50,100,150,60,3179.0,52.983333333333334
639,639,127,50,50,50,100,200,62,3472.0,56.0
640,640,128,50,50,50,100,0,63,4639.0,73.63492063492063
641,641,128,50,50,50,100,50,64,4115.0,64.296875
642,642,128,50,50,50,100,100,64,3643.0,56.921875
643,643,128,50,50,50,100,150,59,3361.0,56.96610169491525
644,644,128,50,50,50,100,200,67,3640.0,54.32835820895522
645,645,129,50,50,50,100,0,71,4890.0,68.87323943661971
646,646,129,50,50,50,100,50,59,4042.0,68.50847457627118
647,647,129,50,50,50,100,100,63,4110.0,65.23809523809524
648,648,129,50,50,50,100,150,55,2733.0,49.69090909090909
649,649,129,50,50,50,100,200,61,3580.0,58.68852459016394
650,650,130,50,50,50,100,0,64,4627.0,72.296875
651,651,130,50,50,50,100,50,67,4121.0,61.507462686567166
652,652,130,50,50,50,100,100,79,4436.0,56.151898734177216
653,653,130,50,50,50,100,150,64,3651.0,57.046875
654,654,130,50,50,50,100,200,73,3626.0,49.67123287671233
655,655,131,50,50,50,100,0,64,4668.0,72.9375
656,656,131,50,50,50,100,50,64,4277.0,66.828125
657,657,131,50,50,50,100,100,69,4260.0,61.73913043478261
658,658,131,50,50,50,100,150,64,3742.0,58.46875
659,659,131,50,50,50,100,200,65,3485.0,53.61538461538461
660,660,132,50,50,50,100,0,71,4586.0,64.59154929577464
661,661,132,50,50,50,100,50,57,3932.0,68.98245614035088
662,662,132,50,50,50,100,100,66,3758.0,56.93939393939394
663,663,132,50,50,50,100,150,69,3549.0,51.43478260869565
664,664,132,50,50,50,100,200,72,3940.0,54.72222222222222
665,665,133,50,50,50,100,0,65,4378.0,67.35384615384615
666,666,133,50,50,50,100,50,60,3674.0,61.233333333333334
667,667,133,50,50,50,100,100,54,3301.0,61.129629629629626
668,668,133,50,50,50,100,150,60,3581.0,59.68333333333333
669,669,133,50,50,50,100,200,64,4060.0,63.4375
670,670,134,50,50,50,100,0,62,4288.0,69.16129032258064
671,671,134,50,50,50,100,50,68,3830.0,56.3235294117647
672,672,134,50,50,50,100,100,61,3369.0,55.22950819672131
673,673,134,50,50,50,100,150,73,3992.0,54.68493150684932
674,674,134,50,50,50,100,200,67,3550.0,52.985074626865675
675,675,135,50,50,50,100,0,73,4681.0,64.12328767123287
676,676,135,50,50,50,100,50,60,3984.0,66.4
677,677,135,50,50,50,100,100,59,3803.0,64.45762711864407
678,678,135,50,50,50,100,150,66,3266.0,49.484848484848484
679,679,135,50,50,50,100,200,67,3592.0,53.61194029850746
680,680,136,50,50,50,100,0,67,4510.0,67.31343283582089
681,681,136,50,50,50,100,50,70,4472.0,63.885714285714286
682,682,136,50,50,50,100,100,65,4335.0,66.6923076923077
683,683,136,50,50,50,100,150,69,3302.0,47.85507246376812
684,684,136,50,50,50,100,200,68,3529.0,51.89705882352941
685,685,137,50,50,50,100,0,67,4116.0,61.43283582089552
686,686,137,50,50,50,100,50,67,4397.0,65.6268656716418
687,687,137,50,50,50,100,100,68,4003.0,58.86764705882353
688,688,137,50,50,50,100,150,60,3156.0,52.6
689,689,137,50,50,50,100,200,69,3225.0,46.73913043478261
690,690,138,50,50,50,100,0,64,4274.0,66.78125
691,691,138,50,50,50,100,50,60,4560.0,76.0
692,692,138,50,50,50,100,100,58,3186.0,54.93103448275862
693,693,138,50,50,50,100,150,62,3585.0,57.82258064516129
694,694,138,50,50,50,100,200,65,3270.0,50.30769230769231
695,695,139,50,50,50,100,0,64,4615.0,72.109375
696,696,139,50,50,50,100,50,68,4343.0,63.86764705882353
697,697,139,50,50,50,100,100,66,3926.0,59.484848484848484
698,698,139,50,50,50,100,150,53,3814.0,71.9622641509434
699,699,139,50,50,50,100,200,67,4291.0,64.04477611940298
700,700,140,50,50,50,100,0,70,4941.0,70.58571428571429
701,701,140,50,50,50,100,50,64,3985.0,62.265625
702,702,140,50,50,50,100,100,71,3664.0,51.605633802816904
703,703,140,50,50,50,100,150,69,3924.0,56.869565217391305
704,704,140,50,50,50,100,200,62,3088.0,49.806451612903224
705,705,141,50,50,50,100,0,65,4504.0,69.29230769230769
706,706,141,50,50,50,100,50,72,4527.0,62.875
707,707,141,50,50,50,100,100,61,4143.0,67.91803278688525
708,708,141,50,50,50,100,150,57,3213.0,56.36842105263158
709,709,141,50,50,50,100,200,66,3720.0,56.36363636363637
710,710,142,50,50,50,100,0,64,4499.0,70.296875
711,711,142,50,50,50,100,50,64,3930.0,61.40625
712,712,142,50,50,50,100,100,64,4154.0,64.90625
713,713,142,50,50,50,100,150,74,4024.0,54.37837837837838
714,714,142,50,50,50,100,200,76,3961.0,52.11842105263158
715,715,143,50,50,50,100,0,66,4376.0,66.3030303030303
716,716,143,50,50,50,100,50,63,4363.0,69.25396825396825
717,717,143,50,50,50,100,100,69,4269.0,61.869565217391305
718,718,143,50,50,50,100,150,69,3900.0,56.52173913043478
719,719,143,50,50,50,100,200,65,3338.0,51.353846153846156
720,720,144,50,50,50,100,0,62,4608.0,74.3225806451613
721,721,144,50,50,50,100,50,59,3547.0,60.11864406779661
722,722,144,50,50,50,100,100,60,3743.0,62.38333333333333
723,723,144,50,50,50,100,150,69,3479.0,50.42028985507246
724,724,144,50,50,50,100,200,62,3447.0,55.596774193548384
725,725,145,50,50,50,100,0,70,4991.0,71.3
726,726,145,50,50,50,100,50,63,4248.0,67.42857142857143
727,727,145,50,50,50,100,100,69,4055.0,58.768115942028984
728,728,145,50,50,50,100,150,63,3469.0,55.06349206349206
729,729,145,50,50,50,100,200,64,3388.0,52.9375
730,730,146,50,50,50,100,0,67,4158.0,62.059701492537314
731,731,146,50,50,50,100,50,55,3358.0,61.054545454545455
732,732,146,50,50,50,100,100,58,3622.0,62.44827586206897
733,733,146,50,50,50,100,150,62,3499.0,56.435483870967744
734,734,146,50,50,50,100,200,66,3240.0,49.09090909090909
735,735,147,50,50,50,100,0,74,4670.0,63.108108108108105
736,736,147,50,50,50,100,50,61,4164.0,68.26229508196721
737,737,147,50,50,50,100,100,64,3876.0,60.5625
738,738,147,50,50,50,100,150,51,3263.0,63.98039215686274
739,739,147,50,50,50,100,200,59,3152.0,53.42372881355932
740,740,148,50,50,50,100,0,59,4556.0,77.22033898305085
741,741,148,50,50,50,100,50,73,4586.0,62.821917808219176
742,742,148,50,50,50,100,100,64,4347.0,67.921875
743,743,148,50,50,50,100,150,63,3650.0,57.93650793650794
744,744,148,50,50,50,100,200,68,3189.0,46.89705882352941
745,745,149,50,50,50,100,0,65,4482.0,68.95384615384616
746,746,149,50,50,50,100,50,76,4258.0,56.026315789473685
747,747,149,50,50,50,100,100,60,3978.0,66.3
748,748,149,50,50,50,100,150,61,3661.0,60.01639344262295
749,749,149,50,50,50,100,200,60,3265.0,54.416666666666664
750,750,150,50,50,50,100,0,61,4020.0,65.90163934426229
751,751,150,50,50,50,100,50,75,4374.0,58.32
752,752,150,50,50,50,100,100,67,4025.0,60.07462686567164
753,753,150,50,50,50,100,150,66,3681.0,55.77272727272727
754,754,150,50,50,50,100,200,64,3354.0,52.40625
755,755,151,50,50,50,100,0,59,3504.0,59.389830508474574
756,756,151,50,50,50,100,50,68,4491.0,66.04411764705883
757,757,151,50,50,50,100,100,68,3989.0,58.661764705882355
758,758,151,50,50,50,100,150,59,3264.0,55.32203389830509
759,759,151,50,50,50,100,200,61,3429.0,56.21311475409836
760,760,152,50,50,50,100,0,67,4164.0,62.149253731343286
761,761,152,50,50,50,100,50,62,4096.0,66.06451612903226
762,762,152,50,50,50,100,100,59,3861.0,65.44067796610169
763,763,152,50,50,50,100,150,65,3703.0,56.96923076923077
764,764,152,50,50,50,100,200,68,3906.0,57.44117647058823
765,765,153,50,50,50,100,0,63,4472.0,70.98412698412699
766,766,153,50,50,50,100,50,69,4051.0,58.710144927536234
767,767,153,50,50,50,100,100,67,3897.0,58.16417910447761
768,768,153,50,50,50,100,150,68,3573.0,52.544117647058826
769,769,153,50,50,50,100,200,72,3690.0,51.25
770,770,154,50,50,50,100,0,66,4463.0,67.62121212121212
771,771,154,50,50,50,100,50,67,4368.0,65.19402985074628
772,772,154,50,50,50,100,100,60,3812.0,63.53333333333333
773,773,154,50,50,50,100,150,71,3608.0,50.816901408450704
774,774,154,50,50,50,100,200,70,3911.0,55.871428571428574
775,775,155,50,50,50,100,0,67,4562.0,68.08955223880596
776,776,155,50,50,50,100,50,67,4423.0,66.01492537313433
777,777,155,50,50,50,100,100,60,4101.0,68.35
778,778,155,50,50,50,100,150,67,3387.0,50.55223880597015
779,779,155,50,50,50,100,200,69,3249.0,47.08695652173913
780,780,156,50,50,50,100,0,63,4674.0,74.19047619047619
781,781,156,50,50,50,100,50,56,3998.0,71.39285714285714
782,782,156,50,50,50,100,100,63,4195.0,66.58730158730158
783,783,156,50,50,50,100,150,66,4061.0,61.53030303030303
784,784,156,50,50,50,100,200,69,3478.0,50.405797101449274
785,785,157,50,50,50,100,0,66,4692.0,71.0909090909091
786,786,157,50,50,50,100,50,60,4372.0,72.86666666666666
787,787,157,50,50,50,100,100,60,3652.0,60.86666666666667
788,788,157,50,50,50,100,150,66,3795.0,57.5
789,789,157,50,50,50,100,200,68,4164.0,61.23529411764706
790,790,158,50,50,50,100,0,68,4684.0,68.88235294117646
791,791,158,50,50,50,100,50,57,3599.0,63.14035087719298
792,792,158,50,50,50,100,100,67,4081.0,60.91044776119403
793,793,158,50,50,50,100,150,70,4180.0,59.714285714285715
794,794,158,50,50,50,100,200,63,2752.0,43.682539682539684
795,795,159,50,50,50,100,0,66,4227.0,64.04545454545455
796,796,159,50,50,50,100,50,58,3845.0,66.29310344827586
797,797,159,50,50,50,100,100,70,4319.0,61.7
798,798,159,50,50,50,100,150,62,3834.0,61.83870967741935
799,799,159,50,50,50,100,200,66,3734.0,56.57575757575758
800,800,160,50,50,50,100,0,63,4395.0,69.76190476190476
801,801,160,50,50,50,100,50,63,3816.0,60.57142857142857
802,802,160,50,50,50,100,100,60,3799.0,63.31666666666667
803,803,160,50,50,50,100,150,60,3405.0,56.75
804,804,160,50,50,50,100,200,59,3361.0,56.96610169491525
805,805,161,50,50,50,100,0,65,4505.0,69.3076923076923
806,806,161,50,50,50,100,50,68,4048.0,59.529411764705884
807,807,161,50,50,50,100,100,57,3796.0,66.59649122807018
808,808,161,50,50,50,100,150,60,3549.0,59.15
809,809,161,50,50,50,100,200,65,4036.0,62.09230769230769
810,810,162,50,50,50,100,0,67,4689.0,69.98507462686567
811,811,162,50,50,50,100,50,71,4214.0,59.352112676056336
812,812,162,50,50,50,100,100,57,3705.0,65.0
813,813,162,50,50,50,100,150,67,3804.0,56.776119402985074
814,814,162,50,50,50,100,200,64,3460.0,54.0625
815,815,163,50,50,50,100,0,58,4535.0,78.1896551724138
816,816,163,50,50,50,100,50,65,3974.0,61.13846153846154
817,817,163,50,50,50,100,100,69,4315.0,62.53623188405797
818,818,163,50,50,50,100,150,59,3420.0,57.96610169491525
819,819,163,50,50,50,100,200,62,3085.0,49.75806451612903
820,820,164,50,50,50,100,0,71,4451.0,62.690140845070424
821,821,164,50,50,50,100,50,59,4058.0,68.77966101694915
822,822,164,50,50,50,100,100,65,3479.0,53.52307692307692
823,823,164,50,50,50,100,150,58,3394.0,58.51724137931034
824,824,164,50,50,50,100,200,67,3049.0,45.507462686567166
825,825,165,50,50,50,100,0,65,4010.0,61.69230769230769
826,826,165,50,50,50,100,50,65,4408.0,67.81538461538462
827,827,165,50,50,50,100,100,60,3370.0,56.166666666666664
828,828,165,50,50,50,100,150,71,3959.0,55.76056338028169
829,829,165,50,50,50,100,200,70,3721.0,53.15714285714286
830,830,166,50,50,50,100,0,69,4490.0,65.07246376811594
831,831,166,50,50,50,100,50,63,4090.0,64.92063492063492
832,832,166,50,50,50,100,100,62,3696.0,59.61290322580645
833,833,166,50,50,50,100,150,72,3498.0,48.583333333333336
834,834,166,50,50,50,100,200,65,3881.0,59.707692307692305
835,835,167,50,50,50,100,0,68,4010.0,58.970588235294116
836,836,167,50,50,50,100,50,69,4038.0,58.52173913043478
837,837,167,50,50,50,100,100,60,3888.0,64.8
838,838,167,50,50,50,100,150,70,4223.0,60.32857142857143
839,839,167,50,50,50,100,200,68,3977.0,58.48529411764706
840,840,168,50,50,50,100,0,73,4827.0,66.12328767123287
841,841,168,50,50,50,100,50,66,3979.0,60.28787878787879
842,842,168,50,50,50,100,100,65,3912.0,60.184615384615384
843,843,168,50,50,50,100,150,65,4151.0,63.86153846153846
844,844,168,50,50,50,100,200,64,3329.0,52.015625
845,845,169,50,50,50,100,0,65,4000.0,61.53846153846154
846,846,169,50,50,50,100,50,73,4714.0,64.57534246575342
847,847,169,50,50,50,100,100,67,3969.0,59.23880597014925
848,848,169,50,50,50,100,150,65,3926.0,60.4
849,849,169,50,50,50,100,200,69,3030.0,43.91304347826087
850,850,170,50,50,50,100,0,66,4312.0,65.33333333333333
851,851,170,50,50,50,100,50,68,4769.0,70.13235294117646
852,852,170,50,50,50,100,100,64,3799.0,59.359375
853,853,170,50,50,50,100,150,59,3819.0,64.72881355932203
854,854,170,50,50,50,100,200,67,3571.0,53.298507462686565
855,855,171,50,50,50,100,0,64,4111.0,64.234375
856,856,171,50,50,50,100,50,55,3954.0,71.89090909090909
857,857,171,50,50,50,100,100,58,3693.0,63.672413793103445
858,858,171,50,50,50,100,150,62,3763.0,60.693548387096776
859,859,171,50,50,50,100,200,67,3484.0,52.0
860,860,172,50,50,50,100,0,71,4325.0,60.91549295774648
861,861,172,50,50,50,100,50,59,4173.0,70.72881355932203
862,862,172,50,50,50,100,100,68,4079.0,59.98529411764706
863,863,172,50,50,50,100,150,62,3876.0,62.516129032258064
864,864,172,50,50,50,100,200,62,3302.0,53.25806451612903
865,865,173,50,50,50,100,0,62,3923.0,63.274193548387096
866,866,173,50,50,50,100,50,64,4280.0,66.875
867,867,173,50,50,50,100,100,64,4365.0,68.203125
868,868,173,50,50,50,100,150,70,4068.0,58.114285714285714
869,869,173,50,50,50,100,200,66,3556.0,53.878787878787875
870,870,174,50,50,50,100,0,56,3848.0,68.71428571428571
871,871,174,50,50,50,100,50,63,3879.0,61.57142857142857
872,872,174,50,50,50,100,100,63,3494.0,55.46031746031746
873,873,174,50,50,50,100,150,69,4229.0,61.289855072463766
874,874,174,50,50,50,100,200,64,3684.0,57.5625
875,875,175,50,50,50,100,0,63,4263.0,67.66666666666667
876,876,175,50,50,50,100,50,66,4702.0,71.24242424242425
877,877,175,50,50,50,100,100,70,3583.0,51.18571428571428
878,878,175,50,50,50,100,150,58,3980.0,68.62068965517241
879,879,175,50,50,50,100,200,56,3069.0,54.80357142857143
880,880,176,50,50,50,100,0,65,4111.0,63.246153846153845
881,881,176,50,50,50,100,50,65,3912.0,60.184615384615384
882,882,176,50,50,50,100,100,55,3611.0,65.65454545454546
883,883,176,50,50,50,100,150,60,4021.0,67.01666666666667
884,884,176,50,50,50,100,200,66,3596.0,54.484848484848484
885,885,177,50,50,50,100,0,65,4570.0,70.3076923076923
886,886,177,50,50,50,100,50,71,4573.0,64.40845070422536
887,887,177,50,50,50,100,100,67,4083.0,60.940298507462686
888,888,177,50,50,50,100,150,66,3721.0,56.378787878787875
889,889,177,50,50,50,100,200,64,3071.0,47.984375
890,890,178,50,50,50,100,0,63,4396.0,69.77777777777777
891,891,178,50,50,50,100,50,63,4154.0,65.93650793650794
892,892,178,50,50,50,100,100,66,3546.0,53.72727272727273
893,893,178,50,50,50,100,150,62,3859.0,62.24193548387097
894,894,178,50,50,50,100,200,57,2975.0,52.19298245614035
895,895,179,50,50,50,100,0,64,4371.0,68.296875
896,896,179,50,50,50,100,50,59,3744.0,63.45762711864407
897,897,179,50,50,50,100,100,69,3909.0,56.65217391304348
898,898,179,50,50,50,100,150,63,3627.0,57.57142857142857
899,899,179,50,50,50,100,200,76,3769.0,49.5921052631579
900,900,180,50,50,50,100,0,67,4496.0,67.1044776119403
901,901,180,50,50,50,100,50,61,4046.0,66.32786885245902
902,902,180,50,50,50,100,100,72,4411.0,61.263888888888886
903,903,180,50,50,50,100,150,71,3287.0,46.29577464788732
904,904,180,50,50,50,100,200,59,3216.0,54.50847457627118
905,905,181,50,50,50,100,0,60,3600.0,60.0
906,906,181,50,50,50,100,50,61,3834.0,62.85245901639344
907,907,181,50,50,50,100,100,65,3952.0,60.8
908,908,181,50,50,50,100,150,61,3111.0,51.0
909,909,181,50,50,50,100,200,67,3310.0,49.40298507462686
910,910,182,50,50,50,100,0,62,3913.0,63.11290322580645
911,911,182,50,50,50,100,50,69,4299.0,62.30434782608695
912,912,182,50,50,50,100,100,68,4428.0,65.11764705882354
913,913,182,50,50,50,100,150,65,3818.0,58.738461538461536
914,914,182,50,50,50,100,200,61,3271.0,53.622950819672134
915,915,183,50,50,50,100,0,59,3979.0,67.44067796610169
916,916,183,50,50,50,100,50,75,4778.0,63.70666666666666
917,917,183,50,50,50,100,100,58,3622.0,62.44827586206897
918,918,183,50,50,50,100,150,60,3551.0,59.18333333333333
919,919,183,50,50,50,100,200,71,3955.0,55.70422535211268
920,920,184,50,50,50,100,0,57,3464.0,60.771929824561404
921,921,184,50,50,50,100,50,59,3721.0,63.067796610169495
922,922,184,50,50,50,100,100,64,3608.0,56.375
923,923,184,50,50,50,100,150,64,3403.0,53.171875
924,924,184,50,50,50,100,200,67,4009.0,59.83582089552239
925,925,185,50,50,50,100,0,62,4438.0,71.58064516129032
926,926,185,50,50,50,100,50,56,3479.0,62.125
927,927,185,50,50,50,100,100,72,4476.0,62.166666666666664
928,928,185,50,50,50,100,150,60,3939.0,65.65
929,929,185,50,50,50,100,200,72,3799.0,52.763888888888886
930,930,186,50,50,50,100,0,66,4417.0,66.92424242424242
931,931,186,50,50,50,100,50,70,4493.0,64.18571428571428
932,932,186,50,50,50,100,100,71,4345.0,61.19718309859155
933,933,186,50,50,50,100,150,62,3585.0,57.82258064516129
934,934,186,50,50,50,100,200,72,3927.0,54.541666666666664
935,935,187,50,50,50,100,0,62,4038.0,65.12903225806451
936,936,187,50,50,50,100,50,68,4506.0,66.26470588235294
937,937,187,50,50,50,100,100,65,4263.0,65.58461538461539
938,938,187,50,50,50,100,150,69,4097.0,59.3768115942029
939,939,187,50,50,50,100,200,68,3553.0,52.25
940,940,188,50,50,50,100,0,64,4328.0,67.625
941,941,188,50,50,50,100,50,68,3923.0,57.69117647058823
942,942,188,50,50,50,100,100,74,4444.0,60.054054054054056
943,943,188,50,50,50,100,150,67,3932.0,58.6865671641791
944,944,188,50,50,50,100,200,68,3524.0,51.8235294117647
945,945,189,50,50,50,100,0,63,4225.0,67.06349206349206
946,946,189,50,50,50,100,50,69,4303.0,62.36231884057971
947,947,189,50,50,50,100,100,62,3722.0,60.03225806451613
948,948,189,50,50,50,100,150,61,3791.0,62.14754098360656
949,949,189,50,50,50,100,200,67,3845.0,57.38805970149254
950,950,190,50,50,50,100,0,68,4791.0,70.45588235294117
951,951,190,50,50,50,100,50,60,3772.0,62.86666666666667
952,952,190,50,50,50,100,100,57,3248.0,56.98245614035088
953,953,190,50,50,50,100,150,64,4010.0,62.65625
954,954,190,50,50,50,100,200,63,3427.0,54.3968253968254
955,955,191,50,50,50,100,0,66,4170.0,63.18181818181818
956,956,191,50,50,50,100,50,64,3678.0,57.46875
957,957,191,50,50,50,100,100,71,4137.0,58.267605633802816
958,958,191,50,50,50,100,150,61,3652.0,59.868852459016395
959,959,191,50,50,50,100,200,63,3475.0,55.15873015873016
960,960,192,50,50,50,100,0,68,4691.0,68.98529411764706
961,961,192,50,50,50,100,50,66,4029.0,61.04545454545455
962,962,192,50,50,50,100,100,66,4351.0,65.92424242424242
963,963,192,50,50,50,100,150,61,3772.0,61.83606557377049
964,964,192,50,50,50,100,200,64,3449.0,53.890625
965,965,193,50,50,50,100,0,62,4275.0,68.95161290322581
966,966,193,50,50,50,100,50,65,4443.0,68.35384615384615
967,967,193,50,50,50,100,100,68,4304.0,63.294117647058826
968,968,193,50,50,50,100,150,60,3879.0,64.65
969,969,193,50,50,50,100,200,72,3571.0,49.59722222222222
970,970,194,50,50,50,100,0,66,4336.0,65.6969696969697
971,971,194,50,50,50,100,50,70,4140.0,59.142857142857146
972,972,194,50,50,50,100,100,52,3209.0,61.71153846153846
973,973,194,50,50,50,100,150,66,3720.0,56.36363636363637
974,974,194,50,50,50,100,200,64,3226.0,50.40625
975,975,195,50,50,50,100,0,70,4547.0,64.95714285714286
976,976,195,50,50,50,100,50,61,3575.0,58.60655737704918
977,977,195,50,50,50,100,100,72,4480.0,62.22222222222222
978,978,195,50,50,50,100,150,69,3631.0,52.6231884057971
979,979,195,50,50,50,100,200,64,3168.0,49.5
980,980,196,50,50,50,100,0,67,4692.0,70.02985074626865
981,981,196,50,50,50,100,50,69,4733.0,68.59420289855072
982,982,196,50,50,50,100,100,60,3669.0,61.15
983,983,196,50,50,50,100,150,57,3557.0,62.40350877192982
984,984,196,50,50,50,100,200,61,3073.0,50.377049180327866
985,985,197,50,50,50,100,0,65,4400.0,67.6923076923077
986,986,197,50,50,50,100,50,73,4707.0,64.47945205479452
987,987,197,50,50,50,100,100,75,4120.0,54.93333333333333
988,988,197,50,50,50,100,150,59,3560.0,60.33898305084746
989,989,197,50,50,50,100,200,63,3274.0,51.96825396825397
990,990,198,50,50,50,100,0,71,4434.0,62.45070422535211
991,991,198,50,50,50,100,50,66,4300.0,65.15151515151516
992,992,198,50,50,50,100,100,68,4463.0,65.63235294117646
993,993,198,50,50,50,100,150,68,4381.0,64.42647058823529
994,994,198,50,50,50,100,200,70,3024.0,43.2
995,995,199,50,50,50,100,0,55,3780.0,68.72727272727273
996,996,199,50,50,50,100,50,69,3941.0,57.11594202898551
997,997,199,50,50,50,100,100,56,3637.0,64.94642857142857
998,998,199,50,50,50,100,150,63,3412.0,54.15873015873016
999,999,199,50,50,50,100,200,62,3108.0,50.12903225806452
1000,1000,200,50,50,50,100,0,71,4356.0,61.352112676056336
1001,1001,200,50,50,50,100,50,60,4062.0,67.7
1002,1002,200,50,50,50,100,100,67,3934.0,58.71641791044776
1003,1003,200,50,50,50,100,150,63,3743.0,59.41269841269841
1004,1004,200,50,50,50,100,200,60,3872.0,64.53333333333333
1005,1005,201,50,50,50,100,0,59,3747.0,63.50847457627118
1006,1006,201,50,50,50,100,50,52,3412.0,65.61538461538461
1007,1007,201,50,50,50,100,100,65,3480.0,53.53846153846154
1008,1008,201,50,50,50,100,150,69,3636.0,52.69565217391305
1009,1009,201,50,50,50,100,200,75,3467.0,46.22666666666667
1010,1010,202,50,50,50,100,0,68,4318.0,63.5
1011,1011,202,50,50,50,100,50,61,3979.0,65.22950819672131
1012,1012,202,50,50,50,100,100,61,3629.0,59.49180327868852
1013,1013,202,50,50,50,100,150,67,3641.0,54.343283582089555
1014,1014,202,50,50,50,100,200,62,3028.0,48.83870967741935
1015,1015,203,50,50,50,100,0,64,4226.0,66.03125
1016,1016,203,50,50,50,100,50,59,3882.0,65.79661016949153
1017,1017,203,50,50,50,100,100,60,3703.0,61.71666666666667
1018,1018,203,50,50,50,100,150,68,3779.0,55.5735294117647
1019,1019,203,50,50,50,100,200,56,3295.0,58.839285714285715
1020,1020,204,50,50,50,100,0,66,4573.0,69.28787878787878
1021,1021,204,50,50,50,100,50,65,4072.0,62.646153846153844
1022,1022,204,50,50,50,100,100,67,4117.0,61.44776119402985
1023,1023,204,50,50,50,100,150,56,3320.0,59.285714285714285
1024,1024,204,50,50,50,100,200,65,2996.0,46.09230769230769
1025,1025,205,50,50,50,100,0,62,4171.0,67.2741935483871
1026,1026,205,50,50,50,100,50,63,4334.0,68.7936507936508
1027,1027,205,50,50,50,100,100,66,3923.0,59.43939393939394
1028,1028,205,50,50,50,100,150,71,3891.0,54.80281690140845
1029,1029,205,50,50,50,100,200,65,3547.0,54.56923076923077
1030,1030,206,50,50,50,100,0,68,4613.0,67.83823529411765
1031,1031,206,50,50,50,100,50,71,4281.0,60.29577464788732
1032,1032,206,50,50,50,100,100,65,3631.0,55.86153846153846
1033,1033,206,50,50,50,100,150,72,4011.0,55.708333333333336
1034,1034,206,50,50,50,100,200,68,3709.0,54.544117647058826
1035,1035,207,50,50,50,100,0,62,4168.0,67.2258064516129
1036,1036,207,50,50,50,100,50,68,4480.0,65.88235294117646
1037,1037,207,50,50,50,100,100,66,3922.0,59.42424242424242
1038,1038,207,50,50,50,100,150,70,3822.0,54.6
1039,1039,207,50,50,50,100,200,62,3534.0,57.0
1040,1040,208,50,50,50,100,0,61,4271.0,70.01639344262296
1041,1041,208,50,50,50,100,50,65,3977.0,61.184615384615384
1042,1042,208,50,50,50,100,100,61,3879.0,63.59016393442623
1043,1043,208,50,50,50,100,150,71,4263.0,60.04225352112676
1044,1044,208,50,50,50,100,200,61,3290.0,53.9344262295082
1045,1045,209,50,50,50,100,0,66,4208.0,63.75757575757576
1046,1046,209,50,50,50,100,50,69,4584.0,66.43478260869566
1047,1047,209,50,50,50,100,100,71,4159.0,58.57746478873239
1048,1048,209,50,50,50,100,150,59,3522.0,59.69491525423729
1049,1049,209,50,50,50,100,200,66,3937.0,59.65151515151515
1050,1050,210,50,50,50,100,0,66,4464.0,67.63636363636364
1051,1051,210,50,50,50,100,50,61,4073.0,66.77049180327869
1052,1052,210,50,50,50,100,100,63,3772.0,59.87301587301587
1053,1053,210,50,50,50,100,150,65,3871.0,59.55384615384615
1054,1054,210,50,50,50,100,200,64,3526.0,55.09375
1055,1055,211,50,50,50,100,0,64,4139.0,64.671875
1056,1056,211,50,50,50,100,50,74,4638.0,62.67567567567568
1057,1057,211,50,50,50,100,100,73,4305.0,58.97260273972603
1058,1058,211,50,50,50,100,150,69,3679.0,53.31884057971015
1059,1059,211,50,50,50,100,200,69,3234.0,46.869565217391305
1060,1060,212,50,50,50,100,0,61,4260.0,69.8360655737705
1061,1061,212,50,50,50,100,50,67,4385.0,65.44776119402985
1062,1062,212,50,50,50,100,100,74,4512.0,60.972972972972975
1063,1063,212,50,50,50,100,150,71,3797.0,53.478873239436616
1064,1064,212,50,50,50,100,200,64,3900.0,60.9375
1065,1065,213,50,50,50,100,0,68,4460.0,65.58823529411765
1066,1066,213,50,50,50,100,50,57,3921.0,68.78947368421052
1067,1067,213,50,50,50,100,100,65,3535.0,54.38461538461539
1068,1068,213,50,50,50,100,150,67,4314.0,64.38805970149254
1069,1069,213,50,50,50,100,200,67,3629.0,54.16417910447761
1070,1070,214,50,50,50,100,0,66,4563.0,69.13636363636364
1071,1071,214,50,50,50,100,50,66,4009.0,60.74242424242424
1072,1072,214,50,50,50,100,100,69,4110.0,59.56521739130435
1073,1073,214,50,50,50,100,150,66,3746.0,56.75757575757576
1074,1074,214,50,50,50,100,200,64,3338.0,52.15625
1075,1075,215,50,50,50,100,0,59,3748.0,63.52542372881356
1076,1076,215,50,50,50,100,50,68,4364.0,64.17647058823529
1077,1077,215,50,50,50,100,100,59,3815.0,64.66101694915254
1078,1078,215,50,50,50,100,150,60,3701.0,61.68333333333333
1079,1079,215,50,50,50,100,200,67,3480.0,51.940298507462686
1080,1080,216,50,50,50,100,0,69,4891.0,70.8840579710145
1081,1081,216,50,50,50,100,50,65,4105.0,63.15384615384615
1082,1082,216,50,50,50,100,100,69,3870.0,56.08695652173913
1083,1083,216,50,50,50,100,150,63,3468.0,55.04761904761905
1084,1084,216,50,50,50,100,200,61,3060.0,50.16393442622951
1085,1085,217,50,50,50,100,0,66,4565.0,69.16666666666667
1086,1086,217,50,50,50,100,50,69,4097.0,59.3768115942029
1087,1087,217,50,50,50,100,100,68,4184.0,61.529411764705884
1088,1088,217,50,50,50,100,150,72,3665.0,50.90277777777778
1089,1089,217,50,50,50,100,200,55,3002.0,54.58181818181818
1090,1090,218,50,50,50,100,0,68,4538.0,66.73529411764706
1091,1091,218,50,50,50,100,50,64,4068.0,63.5625
1092,1092,218,50,50,50,100,100,70,4307.0,61.52857142857143
1093,1093,218,50,50,50,100,150,67,3035.0,45.298507462686565
1094,1094,218,50,50,50,100,200,70,3333.0,47.614285714285714
1095,1095,219,50,50,50,100,0,66,4319.0,65.43939393939394
1096,1096,219,50,50,50,100,50,72,4348.0,60.388888888888886
1097,1097,219,50,50,50,100,100,67,3636.0,54.26865671641791
1098,1098,219,50,50,50,100,150,62,3032.0,48.903225806451616
1099,1099,219,50,50,50,100,200,68,3759.0,55.279411764705884
1100,1100,220,50,50,50,100,0,66,4447.0,67.37878787878788
1101,1101,220,50,50,50,100,50,63,3783.0,60.04761904761905
1102,1102,220,50,50,50,100,100,71,4547.0,64.04225352112677
1103,1103,220,50,50,50,100,150,65,3851.0,59.246153846153845
1104,1104,220,50,50,50,100,200,67,3283.0,49.0
1105,1105,221,50,50,50,100,0,65,4621.0,71.0923076923077
1106,1106,221,50,50,50,100,50,70,4454.0,63.628571428571426
1107,1107,221,50,50,50,100,100,65,3860.0,59.38461538461539
1108,1108,221,50,50,50,100,150,62,3809.0,61.435483870967744
1109,1109,221,50,50,50,100,200,56,2827.0,50.482142857142854
1110,1110,222,50,50,50,100,0,67,4578.0,68.32835820895522
1111,1111,222,50,50,50,100,50,75,4843.0,64.57333333333334
1112,1112,222,50,50,50,100,100,61,3684.0,60.39344262295082
1113,1113,222,50,50,50,100,150,66,3386.0,51.303030303030305
1114,1114,222,50,50,50,100,200,71,4048.0,57.014084507042256
1115,1115,223,50,50,50,100,0,68,4546.0,66.8529411764706
1116,1116,223,50,50,50,100,50,71,4341.0,61.140845070422536
1117,1117,223,50,50,50,100,100,70,4292.0,61.31428571428572
1118,1118,223,50,50,50,100,150,66,3777.0,57.22727272727273
1119,1119,223,50,50,50,100,200,66,3481.0,52.74242424242424
1120,1120,224,50,50,50,100,0,55,4006.0,72.83636363636364
1121,1121,224,50,50,50,100,50,58,3862.0,66.58620689655173
1122,1122,224,50,50,50,100,100,61,3990.0,65.40983606557377
1123,1123,224,50,50,50,100,150,63,3808.0,60.44444444444444
1124,1124,224,50,50,50,100,200,66,3477.0,52.68181818181818
1125,1125,225,50,50,50,100,0,59,4373.0,74.11864406779661
1126,1126,225,50,50,50,100,50,65,4109.0,63.215384615384615
1127,1127,225,50,50,50,100,100,61,3333.0,54.63934426229508
1128,1128,225,50,50,50,100,150,67,3837.0,57.26865671641791
1129,1129,225,50,50,50,100,200,70,4020.0,57.42857142857143
1130,1130,226,50,50,50,100,0,63,4216.0,66.92063492063492
1131,1131,226,50,50,50,100,50,60,4006.0,66.76666666666667
1132,1132,226,50,50,50,100,100,73,4067.0,55.71232876712329
1133,1133,226,50,50,50,100,150,70,4081.0,58.3
1134,1134,226,50,50,50,100,200,63,3493.0,55.44444444444444
1135,1135,227,50,50,50,100,0,68,4470.0,65.73529411764706
1136,1136,227,50,50,50,100,50,60,3765.0,62.75
1137,1137,227,50,50,50,100,100,61,4005.0,65.65573770491804
1138,1138,227,50,50,50,100,150,73,3568.0,48.87671232876713
1139,1139,227,50,50,50,100,200,61,2959.0,48.50819672131148
1140,1140,228,50,50,50,100,0,68,4641.0,68.25
1141,1141,228,50,50,50,100,50,60,3736.0,62.266666666666666
1142,1142,228,50,50,50,100,100,65,4004.0,61.6
1143,1143,228,50,50,50,100,150,71,4238.0,59.690140845070424
1144,1144,228,50,50,50,100,200,61,3606.0,59.114754098360656
1145,1145,229,50,50,50,100,0,71,4741.0,66.77464788732394
1146,1146,229,50,50,50,100,50,71,4568.0,64.33802816901408
1147,1147,229,50,50,50,100,100,69,4071.0,59.0
1148,1148,229,50,50,50,100,150,73,4192.0,57.42465753424658
1149,1149,229,50,50,50,100,200,56,3200.0,57.142857142857146
1150,1150,230,50,50,50,100,0,63,4364.0,69.26984126984127
1151,1151,230,50,50,50,100,50,69,4551.0,65.95652173913044
1152,1152,230,50,50,50,100,100,65,3797.0,58.41538461538462
1153,1153,230,50,50,50,100,150,68,3755.0,55.220588235294116
1154,1154,230,50,50,50,100,200,70,3983.0,56.9
1155,1155,231,50,50,50,100,0,70,4764.0,68.05714285714286
1156,1156,231,50,50,50,100,50,60,4064.0,67.73333333333333
1157,1157,231,50,50,50,100,100,63,4250.0,67.46031746031746
1158,1158,231,50,50,50,100,150,60,3473.0,57.88333333333333
1159,1159,231,50,50,50,100,200,62,3178.0,51.25806451612903
1160,1160,232,50,50,50,100,0,69,4386.0,63.56521739130435
1161,1161,232,50,50,50,100,50,66,4199.0,63.621212121212125
1162,1162,232,50,50,50,100,100,60,3795.0,63.25
1163,1163,232,50,50,50,100,150,56,3259.0,58.19642857142857
1164,1164,232,50,50,50,100,200,64,3094.0,48.34375
1165,1165,233,50,50,50,100,0,62,4573.0,73.75806451612904
1166,1166,233,50,50,50,100,50,66,4028.0,61.03030303030303
1167,1167,233,50,50,50,100,100,61,3912.0,64.1311475409836
1168,1168,233,50,50,50,100,150,67,4232.0,63.16417910447761
1169,1169,233,50,50,50,100,200,73,3571.0,48.917808219178085
1170,1170,234,50,50,50,100,0,61,3774.0,61.868852459016395
1171,1171,234,50,50,50,100,50,70,4412.0,63.02857142857143
1172,1172,234,50,50,50,100,100,70,4325.0,61.785714285714285
1173,1173,234,50,50,50,100,150,70,4266.0,60.94285714285714
1174,1174,234,50,50,50,100,200,64,3210.0,50.15625
1175,1175,235,50,50,50,100,0,56,4234.0,75.60714285714286
1176,1176,235,50,50,50,100,50,58,3753.0,64.70689655172414
1177,1177,235,50,50,50,100,100,67,4193.0,62.582089552238806
1178,1178,235,50,50,50,100,150,69,3588.0,52.0
1179,1179,235,50,50,50,100,200,72,3653.0,50.736111111111114
1180,1180,236,50,50,50,100,0,72,4369.0,60.68055555555556
1181,1181,236,50,50,50,100,50,70,4345.0,62.07142857142857
1182,1182,236,50,50,50,100,100,65,3821.0,58.784615384615385
1183,1183,236,50,50,50,100,150,65,4022.0,61.87692307692308
1184,1184,236,50,50,50,100,200,58,3323.0,57.293103448275865
1185,1185,237,50,50,50,100,0,60,4014.0,66.9
1186,1186,237,50,50,50,100,50,67,4109.0,61.32835820895522
1187,1187,237,50,50,50,100,100,69,3809.0,55.20289855072464
1188,1188,237,50,50,50,100,150,67,3434.0,51.25373134328358
1189,1189,237,50,50,50,100,200,70,3694.0,52.77142857142857
1190,1190,238,50,50,50,100,0,64,4564.0,71.3125
1191,1191,238,50,50,50,100,50,77,4487.0,58.27272727272727
1192,1192,238,50,50,50,100,100,61,3867.0,63.39344262295082
1193,1193,238,50,50,50,100,150,67,3885.0,57.985074626865675
1194,1194,238,50,50,50,100,200,64,3181.0,49.703125
1195,1195,239,50,50,50,100,0,62,4053.0,65.37096774193549
1196,1196,239,50,50,50,100,50,61,4105.0,67.29508196721312
1197,1197,239,50,50,50,100,100,67,4159.0,62.07462686567164
1198,1198,239,50,50,50,100,150,74,3732.0,50.432432432432435
1199,1199,239,50,50,50,100,200,63,3624.0,57.523809523809526
1200,1200,240,50,50,50,100,0,67,4601.0,68.67164179104478
1201,1201,240,50,50,50,100,50,62,3926.0,63.32258064516129
1202,1202,240,50,50,50,100,100,66,3661.0,55.46969696969697
1203,1203,240,50,50,50,100,150,68,3140.0,46.1764705882353
1204,1204,240,50,50,50,100,200,67,3424.0,51.1044776119403
1205,1205,241,50,50,50,100,0,59,4006.0,67.89830508474576
1206,1206,241,50,50,50,100,50,68,4676.0,68.76470588235294
1207,1207,241,50,50,50,100,100,60,3276.0,54.6
1208,1208,241,50,50,50,100,150,68,3777.0,55.544117647058826
1209,1209,241,50,50,50,100,200,70,3419.0,48.84285714285714
1210,1210,242,50,50,50,100,0,65,4791.0,73.70769230769231
1211,1211,242,50,50,50,100,50,68,4190.0,61.61764705882353
1212,1212,242,50,50,50,100,100,65,4061.0,62.47692307692308
1213,1213,242,50,50,50,100,150,81,4631.0,57.17283950617284
1214,1214,242,50,50,50,100,200,64,3326.0,51.96875
1215,1215,243,50,50,50,100,0,63,4434.0,70.38095238095238
1216,1216,243,50,50,50,100,50,66,4187.0,63.43939393939394
1217,1217,243,50,50,50,100,100,57,3402.0,59.68421052631579
1218,1218,243,50,50,50,100,150,55,3379.0,61.43636363636364
1219,1219,243,50,50,50,100,200,60,3044.0,50.733333333333334
1220,1220,244,50,50,50,100,0,67,4431.0,66.13432835820896
1221,1221,244,50,50,50,100,50,69,4574.0,66.28985507246377
1222,1222,244,50,50,50,100,100,70,4174.0,59.628571428571426
1223,1223,244,50,50,50,100,150,67,3528.0,52.656716417910445
1224,1224,244,50,50,50,100,200,66,3499.0,53.015151515151516
1225,1225,245,50,50,50,100,0,58,4168.0,71.86206896551724
1226,1226,245,50,50,50,100,50,66,4502.0,68.21212121212122
1227,1227,245,50,50,50,100,100,70,4301.0,61.44285714285714
1228,1228,245,50,50,50,100,150,59,4099.0,69.47457627118644
1229,1229,245,50,50,50,100,200,65,3081.0,47.4
1230,1230,246,50,50,50,100,0,72,4639.0,64.43055555555556
1231,1231,246,50,50,50,100,50,66,4287.0,64.95454545454545
1232,1232,246,50,50,50,100,100,66,3724.0,56.42424242424242
1233,1233,246,50,50,50,100,150,60,3230.0,53.833333333333336
1234,1234,246,50,50,50,100,200,61,3459.0,56.704918032786885
1235,1235,247,50,50,50,100,0,66,4312.0,65.33333333333333
1236,1236,247,50,50,50,100,50,75,4650.0,62.0
1237,1237,247,50,50,50,100,100,66,3820.0,57.878787878787875
1238,1238,247,50,50,50,100,150,62,3143.0,50.693548387096776
1239,1239,247,50,50,50,100,200,64,3390.0,52.96875
1240,1240,248,50,50,50,100,0,67,4188.0,62.507462686567166
1241,1241,248,50,50,50,100,50,73,4386.0,60.082191780821915
1242,1242,248,50,50,50,100,100,64,3940.0,61.5625
1243,1243,248,50,50,50,100,150,64,3629.0,56.703125
1244,1244,248,50,50,50,100,200,63,3280.0,52.06349206349206
1245,1245,249,50,50,50,100,0,55,3742.0,68.03636363636363
1246,1246,249,50,50,50,100,50,64,4387.0,68.546875
1247,1247,249,50,50,50,100,100,64,3754.0,58.65625
1248,1248,249,50,50,50,100,150,56,2760.0,49.285714285714285
1249,1249,249,50,50,50,100,200,74,3353.0,45.310810810810814
1250,1250,250,50,50,50,100,0,68,4511.0,66.33823529411765
1251,1251,250,50,50,50,100,50,70,4218.0,60.25714285714286
1252,1252,250,50,50,50,100,100,64,3820.0,59.6875
1253,1253,250,50,50,50,100,150,61,3850.0,63.114754098360656
1254,1254,250,50,50,50,100,200,60,2932.0,48.86666666666667
1255,1255,251,50,50,50,100,0,63,4217.0,66.93650793650794
1256,1256,251,50,50,50,100,50,67,4467.0,66.67164179104478
1257,1257,251,50,50,50,100,100,70,4103.0,58.614285714285714
1258,1258,251,50,50,50,100,150,57,3750.0,65.78947368421052
1259,1259,251,50,50,50,100,200,70,3773.0,53.9
1260,1260,252,50,50,50,100,0,65,4437.0,68.26153846153846
1261,1261,252,50,50,50,100,50,67,4277.0,63.83582089552239
1262,1262,252,50,50,50,100,100,69,3786.0,54.869565217391305
1263,1263,252,50,50,50,100,150,69,3225.0,46.73913043478261
1264,1264,252,50,50,50,100,200,69,3977.0,57.63768115942029
1265,1265,253,50,50,50,100,0,69,4456.0,64.57971014492753
1266,1266,253,50,50,50,100,50,61,3719.0,60.967213114754095
1267,1267,253,50,50,50,100,100,66,3594.0,54.45454545454545
1268,1268,253,50,50,50,100,150,65,3852.0,59.261538461538464
1269,1269,253,50,50,50,100,200,66,3488.0,52.84848484848485
1270,1270,254,50,50,50,100,0,78,4966.0,63.666666666666664
1271,1271,254,50,50,50,100,50,69,4304.0,62.3768115942029
1272,1272,254,50,50,50,100,100,69,4436.0,64.28985507246377
1273,1273,254,50,50,50,100,150,62,3509.0,56.596774193548384
1274,1274,254,50,50,50,100,200,58,3233.0,55.741379310344826
1275,1275,255,50,50,50,100,0,61,3872.0,63.47540983606557
1276,1276,255,50,50,50,100,50,64,4271.0,66.734375
1277,1277,255,50,50,50,100,100,64,4003.0,62.546875
1278,1278,255,50,50,50,100,150,68,4055.0,59.63235294117647
1279,1279,255,50,50,50,100,200,71,4007.0,56.436619718309856
1280,1280,256,50,50,50,100,0,56,3925.0,70.08928571428571
1281,1281,256,50,50,50,100,50,69,4325.0,62.68115942028985
1282,1282,256,50,50,50,100,100,61,4117.0,67.49180327868852
1283,1283,256,50,50,50,100,150,57,3552.0,62.31578947368421
1284,1284,256,50,50,50,100,200,70,3984.0,56.91428571428571
1285,1285,257,50,50,50,100,0,60,4206.0,70.1
1286,1286,257,50,50,50,100,50,62,3937.0,63.5
1287,1287,257,50,50,50,100,100,68,4326.0,63.61764705882353
1288,1288,257,50,50,50,100,150,65,3823.0,58.815384615384616
1289,1289,257,50,50,50,100,200,69,3290.0,47.68115942028985
1290,1290,258,50,50,50,100,0,64,4577.0,71.515625
1291,1291,258,50,50,50,100,50,67,4123.0,61.53731343283582
1292,1292,258,50,50,50,100,100,65,3879.0,59.676923076923075
1293,1293,258,50,50,50,100,150,68,3721.0,54.720588235294116
1294,1294,258,50,50,50,100,200,63,3239.0,51.41269841269841
1295,1295,259,50,50,50,100,0,58,4196.0,72.34482758620689
1296,1296,259,50,50,50,100,50,60,3920.0,65.33333333333333
1297,1297,259,50,50,50,100,100,64,3992.0,62.375
1298,1298,259,50,50,50,100,150,65,3875.0,59.61538461538461
1299,1299,259,50,50,50,100,200,65,3565.0,54.84615384615385
1300,1300,260,50,50,50,100,0,65,4619.0,71.06153846153846
1301,1301,260,50,50,50,100,50,71,5037.0,70.94366197183099
1302,1302,260,50,50,50,100,100,66,4224.0,64.0
1303,1303,260,50,50,50,100,150,64,3523.0,55.046875
1304,1304,260,50,50,50,100,200,68,3543.0,52.10294117647059
1305,1305,261,50,50,50,100,0,66,4283.0,64.89393939393939
1306,1306,261,50,50,50,100,50,58,4016.0,69.24137931034483
1307,1307,261,50,50,50,100,100,64,3963.0,61.921875
1308,1308,261,50,50,50,100,150,65,3513.0,54.04615384615385
1309,1309,261,50,50,50,100,200,70,4275.0,61.07142857142857
1310,1310,262,50,50,50,100,0,67,4479.0,66.85074626865672
1311,1311,262,50,50,50,100,50,64,4590.0,71.71875
1312,1312,262,50,50,50,100,100,59,3562.0,60.3728813559322
1313,1313,262,50,50,50,100,150,58,3805.0,65.60344827586206
1314,1314,262,50,50,50,100,200,70,4187.0,59.81428571428572
1315,1315,263,50,50,50,100,0,64,4266.0,66.65625
1316,1316,263,50,50,50,100,50,60,4458.0,74.3
1317,1317,263,50,50,50,100,100,64,4067.0,63.546875
1318,1318,263,50,50,50,100,150,73,3799.0,52.04109589041096
1319,1319,263,50,50,50,100,200,57,3220.0,56.49122807017544
1320,1320,264,50,50,50,100,0,68,3985.0,58.60294117647059
1321,1321,264,50,50,50,100,50,70,4268.0,60.97142857142857
1322,1322,264,50,50,50,100,100,64,3984.0,62.25
1323,1323,264,50,50,50,100,150,64,3868.0,60.4375
1324,1324,264,50,50,50,100,200,57,3138.0,55.05263157894737
1325,1325,265,50,50,50,100,0,63,4577.0,72.65079365079364
1326,1326,265,50,50,50,100,50,67,4548.0,67.88059701492537
1327,1327,265,50,50,50,100,100,65,3847.0,59.184615384615384
1328,1328,265,50,50,50,100,150,69,3833.0,55.55072463768116
1329,1329,265,50,50,50,100,200,68,3208.0,47.1764705882353
1330,1330,266,50,50,50,100,0,61,4344.0,71.21311475409836
1331,1331,266,50,50,50,100,50,58,4033.0,69.53448275862068
1332,1332,266,50,50,50,100,100,66,3826.0,57.96969696969697
1333,1333,266,50,50,50,100,150,61,3574.0,58.59016393442623
1334,1334,266,50,50,50,100,200,64,3493.0,54.578125
1335,1335,267,50,50,50,100,0,71,4414.0,62.16901408450704
1336,1336,267,50,50,50,100,50,63,4273.0,67.82539682539682
1337,1337,267,50,50,50,100,100,57,3501.0,61.421052631578945
1338,1338,267,50,50,50,100,150,65,4071.0,62.63076923076923
1339,1339,267,50,50,50,100,200,69,3225.0,46.73913043478261
1340,1340,268,50,50,50,100,0,71,4953.0,69.7605633802817
1341,1341,268,50,50,50,100,50,76,4744.0,62.421052631578945
1342,1342,268,50,50,50,100,100,57,3618.0,63.473684210526315
1343,1343,268,50,50,50,100,150,66,3832.0,58.06060606060606
1344,1344,268,50,50,50,100,200,69,3864.0,56.0
1345,1345,269,50,50,50,100,0,65,4582.0,70.49230769230769
1346,1346,269,50,50,50,100,50,62,3984.0,64.25806451612904
1347,1347,269,50,50,50,100,100,68,4470.0,65.73529411764706
1348,1348,269,50,50,50,100,150,67,3800.0,56.71641791044776
1349,1349,269,50,50,50,100,200,70,3860.0,55.142857142857146
1350,1350,270,50,50,50,100,0,69,4454.0,64.55072463768116
1351,1351,270,50,50,50,100,50,61,4093.0,67.09836065573771
1352,1352,270,50,50,50,100,100,71,4333.0,61.028169014084504
1353,1353,270,50,50,50,100,150,64,3799.0,59.359375
1354,1354,270,50,50,50,100,200,68,3722.0,54.73529411764706
1355,1355,271,50,50,50,100,0,65,4612.0,70.95384615384616
1356,1356,271,50,50,50,100,50,59,4219.0,71.50847457627118
1357,1357,271,50,50,50,100,100,68,4242.0,62.38235294117647
1358,1358,271,50,50,50,100,150,65,3260.0,50.15384615384615
1359,1359,271,50,50,50,100,200,68,3676.0,54.05882352941177
1360,1360,272,50,50,50,100,0,61,4427.0,72.57377049180327
1361,1361,272,50,50,50,100,50,70,4404.0,62.91428571428571
1362,1362,272,50,50,50,100,100,67,3759.0,56.1044776119403
1363,1363,272,50,50,50,100,150,64,3673.0,57.390625
1364,1364,272,50,50,50,100,200,67,3633.0,54.223880597014926
1365,1365,273,50,50,50,100,0,67,4528.0,67.58208955223881
1366,1366,273,50,50,50,100,50,70,3950.0,56.42857142857143
1367,1367,273,50,50,50,100,100,73,4026.0,55.15068493150685
1368,1368,273,50,50,50,100,150,50,3314.0,66.28
1369,1369,273,50,50,50,100,200,64,3230.0,50.46875
1370,1370,274,50,50,50,100,0,72,4631.0,64.31944444444444
1371,1371,274,50,50,50,100,50,66,4242.0,64.27272727272727
1372,1372,274,50,50,50,100,100,66,4057.0,61.46969696969697
1373,1373,274,50,50,50,100,150,70,4311.0,61.58571428571429
1374,1374,274,50,50,50,100,200,63,3224.0,51.17460317460318
1375,1375,275,50,50,50,100,0,65,4120.0,63.38461538461539
1376,1376,275,50,50,50,100,50,52,3507.0,67.4423076923077
1377,1377,275,50,50,50,100,100,60,3704.0,61.733333333333334
1378,1378,275,50,50,50,100,150,69,4204.0,60.927536231884055
1379,1379,275,50,50,50,100,200,65,3474.0,53.44615384615385
1380,1380,276,50,50,50,100,0,67,4324.0,64.53731343283582
1381,1381,276,50,50,50,100,50,67,4159.0,62.07462686567164
1382,1382,276,50,50,50,100,100,61,4111.0,67.39344262295081
1383,1383,276,50,50,50,100,150,66,4470.0,67.72727272727273
1384,1384,276,50,50,50,100,200,70,3788.0,54.114285714285714
1385,1385,277,50,50,50,100,0,68,4317.0,63.48529411764706
1386,1386,277,50,50,50,100,50,65,4235.0,65.15384615384616
1387,1387,277,50,50,50,100,100,71,4468.0,62.929577464788736
1388,1388,277,50,50,50,100,150,59,3370.0,57.11864406779661
1389,1389,277,50,50,50,100,200,64,3086.0,48.21875
1390,1390,278,50,50,50,100,0,61,4059.0,66.54098360655738
1391,1391,278,50,50,50,100,50,64,4464.0,69.75
1392,1392,278,50,50,50,100,100,70,3853.0,55.042857142857144
1393,1393,278,50,50,50,100,150,72,4208.0,58.44444444444444
1394,1394,278,50,50,50,100,200,67,3389.0,50.582089552238806
1395,1395,279,50,50,50,100,0,59,4312.0,73.08474576271186
1396,1396,279,50,50,50,100,50,60,4019.0,66.98333333333333
1397,1397,279,50,50,50,100,100,58,3894.0,67.13793103448276
1398,1398,279,50,50,50,100,150,69,4033.0,58.44927536231884
1399,1399,279,50,50,50,100,200,68,3669.0,53.955882352941174
1400,1400,280,50,50,50,100,0,62,4370.0,70.48387096774194
1401,1401,280,50,50,50,100,50,68,4441.0,65.30882352941177
1402,1402,280,50,50,50,100,100,71,4645.0,65.4225352112676
1403,1403,280,50,50,50,100,150,62,3779.0,60.95161290322581
1404,1404,280,50,50,50,100,200,61,2909.0,47.68852459016394
1405,1405,281,50,50,50,100,0,65,4524.0,69.6
1406,1406,281,50,50,50,100,50,69,4548.0,65.91304347826087
1407,1407,281,50,50,50,100,100,69,4663.0,67.57971014492753
1408,1408,281,50,50,50,100,150,65,3450.0,53.07692307692308
1409,1409,281,50,50,50,100,200,62,2995.0,48.306451612903224
1410,1410,282,50,50,50,100,0,66,4292.0,65.03030303030303
1411,1411,282,50,50,50,100,50,65,4144.0,63.753846153846155
1412,1412,282,50,50,50,100,100,62,3775.0,60.88709677419355
1413,1413,282,50,50,50,100,150,67,3770.0,56.26865671641791
1414,1414,282,50,50,50,100,200,67,3655.0,54.55223880597015
1415,1415,283,50,50,50,100,0,71,4802.0,67.63380281690141
1416,1416,283,50,50,50,100,50,67,4146.0,61.88059701492537
1417,1417,283,50,50,50,100,100,64,4233.0,66.140625
1418,1418,283,50,50,50,100,150,63,3299.0,52.36507936507937
1419,1419,283,50,50,50,100,200,63,3244.0,51.492063492063494
1420,1420,284,50,50,50,100,0,61,3928.0,64.39344262295081
1421,1421,284,50,50,50,100,50,64,4587.0,71.671875
1422,1422,284,50,50,50,100,100,60,3305.0,55.083333333333336
1423,1423,284,50,50,50,100,150,59,3776.0,64.0
1424,1424,284,50,50,50,100,200,71,3786.0,53.32394366197183
1425,1425,285,50,50,50,100,0,66,4630.0,70.15151515151516
1426,1426,285,50,50,50,100,50,63,4344.0,68.95238095238095
1427,1427,285,50,50,50,100,100,65,3657.0,56.261538461538464
1428,1428,285,50,50,50,100,150,61,4231.0,69.36065573770492
1429,1429,285,50,50,50,100,200,62,3558.0,57.38709677419355
1430,1430,286,50,50,50,100,0,57,3999.0,70.15789473684211
1431,1431,286,50,50,50,100,50,53,3472.0,65.50943396226415
1432,1432,286,50,50,50,100,100,69,4424.0,64.1159420289855
1433,1433,286,50,50,50,100,150,65,3711.0,57.09230769230769
1434,1434,286,50,50,50,100,200,66,3236.0,49.03030303030303
1435,1435,287,50,50,50,100,0,57,4111.0,72.12280701754386
1436,1436,287,50,50,50,100,50,65,4485.0,69.0
1437,1437,287,50,50,50,100,100,65,3951.0,60.784615384615385
1438,1438,287,50,50,50,100,150,65,3814.0,58.676923076923075
1439,1439,287,50,50,50,100,200,62,2956.0,47.67741935483871
1440,1440,288,50,50,50,100,0,64,4287.0,66.984375
1441,1441,288,50,50,50,100,50,69,4048.0,58.666666666666664
1442,1442,288,50,50,50,100,100,64,3285.0,51.328125
1443,1443,288,50,50,50,100,150,71,4174.0,58.7887323943662
1444,1444,288,50,50,50,100,200,63,3528.0,56.0
1445,1445,289,50,50,50,100,0,60,4351.0,72.51666666666667
1446,1446,289,50,50,50,100,50,65,4079.0,62.753846153846155
1447,1447,289,50,50,50,100,100,69,4027.0,58.36231884057971
1448,1448,289,50,50,50,100,150,63,3752.0,59.55555555555556
1449,1449,289,50,50,50,100,200,62,2982.0,48.096774193548384
1450,1450,290,50,50,50,100,0,70,4650.0,66.42857142857143
1451,1451,290,50,50,50,100,50,67,4285.0,63.95522388059702
1452,1452,290,50,50,50,100,100,68,4391.0,64.57352941176471
1453,1453,290,50,50,50,100,150,58,3026.0,52.172413793103445
1454,1454,290,50,50,50,100,200,58,3232.0,55.724137931034484
1455,1455,291,50,50,50,100,0,62,4649.0,74.98387096774194
1456,1456,291,50,50,50,100,50,67,4445.0,66.34328358208955
1457,1457,291,50,50,50,100,100,66,3733.0,56.56060606060606
1458,1458,291,50,50,50,100,150,63,3394.0,53.87301587301587
1459,1459,291,50,50,50,100,200,67,3479.0,51.92537313432836
1460,1460,292,50,50,50,100,0,66,4547.0,68.89393939393939
1461,1461,292,50,50,50,100,50,69,4458.0,64.6086956521739
1462,1462,292,50,50,50,100,100,60,3230.0,53.833333333333336
1463,1463,292,50,50,50,100,150,58,3389.0,58.43103448275862
1464,1464,292,50,50,50,100,200,69,3353.0,48.594202898550726
1465,1465,293,50,50,50,100,0,66,4344.0,65.81818181818181
1466,1466,293,50,50,50,100,50,59,3699.0,62.69491525423729
1467,1467,293,50,50,50,100,100,65,3684.0,56.676923076923075
1468,1468,293,50,50,50,100,150,59,3249.0,55.067796610169495
1469,1469,293,50,50,50,100,200,64,3334.0,52.09375
1470,1470,294,50,50,50,100,0,57,4092.0,71.78947368421052
1471,1471,294,50,50,50,100,50,64,4089.0,63.890625
1472,1472,294,50,50,50,100,100,62,3507.0,56.564516129032256
1473,1473,294,50,50,50,100,150,60,3412.0,56.86666666666667
1474,1474,294,50,50,50,100,200,68,3626.0,53.3235294117647
1475,1475,295,50,50,50,100,0,64,4543.0,70.984375
1476,1476,295,50,50,50,100,50,66,4142.0,62.75757575757576
1477,1477,295,50,50,50,100,100,75,4267.0,56.89333333333333
1478,1478,295,50,50,50,100,150,66,3802.0,57.60606060606061
1479,1479,295,50,50,50,100,200,73,3704.0,50.73972602739726
1480,1480,296,50,50,50,100,0,71,4717.0,66.43661971830986
1481,1481,296,50,50,50,100,50,57,3858.0,67.6842105263158
1482,1482,296,50,50,50,100,100,67,3919.0,58.492537313432834
1483,1483,296,50,50,50,100,150,62,3412.0,55.03225806451613
1484,1484,296,50,50,50,100,200,68,3469.0,51.01470588235294
1485,1485,297,50,50,50,100,0,63,4794.0,76.0952380952381
1486,1486,297,50,50,50,100,50,70,4471.0,63.871428571428574
1487,1487,297,50,50,50,100,100,65,4349.0,66.9076923076923
1488,1488,297,50,50,50,100,150,62,4036.0,65.09677419354838
1489,1489,297,50,50,50,100,200,70,3299.0,47.128571428571426
1490,1490,298,50,50,50,100,0,63,3872.0,61.46031746031746
1491,1491,298,50,50,50,100,50,62,4398.0,70.93548387096774
1492,1492,298,50,50,50,100,100,62,3376.0,54.45161290322581
1493,1493,298,50,50,50,100,150,76,4237.0,55.75
1494,1494,298,50,50,50,100,200,60,3162.0,52.7
1495,1495,299,50,50,50,100,0,66,4845.0,73.4090909090909
1496,1496,299,50,50,50,100,50,60,4003.0,66.71666666666667
1497,1497,299,50,50,50,100,100,65,3847.0,59.184615384615384
1498,1498,299,50,50,50,100,150,62,3664.0,59.096774193548384
1499,1499,299,50,50,50,100,200,67,3420.0,51.04477611940298
